DBO_mg/L,DQO_mg/L,SST_mg/L,COLI_FEC_NMP_100mL,E_COLI_NMP_100mL,OD_PORC,TOX_D_48_UT,TOX_V_15_UT
2.0,10.0,10.0,1076.0,41.0,97.9,1.0,1.0
2.0,10.0,13.2,1956.0,98.0,81.6,0.9889546524700326,0.5065376945109157
-9.768555320993336,10.0,10.0,355.0,20.0,108.9,1.0,1.0
2.0,10.0,10.0,52.0,3.0,120.7,1.0,1.0
2.0,10.0,158.4907238597337,173.0,3.0,98.9,1.0,1.0
2.0,10.0,10.0,1071102.1924986588,3.0,118.6,1.0,1.0
2.0,49.13,10.0,9804.0,10.0,103.8,1.0,1.0
2.0,10.0,10.0,3282.0,638.0,85.8,1.0,1.0
2.0,26.29,24.8,-1155759.8625675691,226.0,70.07550037170692,1.0,1.0
2.0,10.0,10.0,-904385.4635387352,313.0,80.0,1.0,1.0
2.0,10.0,203.61513398548317,12997.0,116.0,86.4,1.0,0.4400821015846317
5.3,12.42,286.7,3873.0,512.0,74.0,1.0,1.0
5.7,23.11324841598266,258.0,-495244.11762662884,561.0,80.8,1.0,1.0
10.8,22.45,10.0,460.0,150.0,46.1,1.0,1.0
15.36,23.42,16.0,1100.0,1100.0,46.0,1.0,1.0
14.88,24.4,14.0,75.0,75.0,94.2,1.0442834416571185,1.0
11.28,19.52,24.0,2400.0,1100.0,95.2,1.0,1.0
14.07,21.47,18.0,210.0,120.0,56.7,1.0,1.0
15.33,24.4,12.0,43.0,43.0,82.8,1.0,1.0
4.5,68.0,151.8,24196.0,24196.0,107.7,1.0,2.7704121631270926
6.3,10.0,284.7,15531.0,61.0,137.1,1.0799635212004282,1.0
8.3,27.52,517.3,-639826.2568218764,24196.0,69.03346107293976,1.0,1.0
22.1,31.26,17.5,-39803763.67578253,24196.0,67.4,4.83,1.03
5.2,19.78,266.7,935.0,75.0,108.3,1.0,1.0
2.0,14.62,735.0,598.0,41.0,97.0,1.010106318367134,1.0
4.0,10.0,116.2,242.0,53864.57578507351,70.41031715344891,1.0,1.0
4.3,73.13,1337.5,24196.0,3448.0,106.0,1.03549044476961,1.0
2.0,10.0,17.4,4884.0,20.0,138.1,1.0,1.0
2.0,10.0,24.6,2613.0,52.0,112.2,1.0,1.0
2.0,24.978990604243485,26.4,2909.0,20.0,111.8,1.0,1.0
2.0,10.0,11.9,3448.0,324.0,109.2,1.0,1.0
2.0,10.0,12.3,5475.0,520.0,99.5,1.0,0.34095247392675376
2.0,10.0,10.1,2778.0,259.0,102.1,1.0174673510658465,1.0
2.0,10.0,10.0,789.0,-25349.785356572174,114.5,1.0,1.0
2.0,10.0,10.0,1210.0,20.0,109.1,1.0,1.0
2.0,10.0,10.0,390125.3185098693,84.0,105.3,1.0,1.0
2.0,10.0,10.0,1081.0,10.0,106.8,1.0,1.0
-7.943426191933376,10.0,13.2,1500.0,10.0,107.1,1.0,0.8258228994150345
94.5,209.33,28.1,469642.3234300958,24196.0,64.73590494695019,1.48,1.53
-20.402300096454944,-3.1483120462737055,24.2,1793.0,20.0,123.4,1.0,1.0
2.0,10.0,52.578614572243794,2046.0,175.0,136.5,1.0,1.0
2.0,10.82,20.0,24196.0,-14958.764866826969,109.2,1.0,1.0
2.0,10.0,20.0,2359.0,279.0,128.8,1.0,0.0824886739693147
2.0,-8.831370645882359,10.5,6131.0,144.0,114.1,1.0,-0.6350855128998516
2.0,22.57,10.0,1872.0,20.0,119.0,1.0,1.0
2.0,10.0,10.0,2359.0,3.0,94.7,1.0,1.0
2.0,10.0,10.0,161.0,10.0,86.2,1.0,1.0
2.28,10.0,650.0,17890.0,5630.0,106.1,1.0,1.0
22.3,25.79,107.8,24196.0,1785.0,96.1,1.0680146967956865,1.0
2.0,10.0,160.23034225678026,15531.0,305.0,98.1,1.0112724472851453,1.0
9.4,14.21,205.68312186542835,24196.0,309.0,79.9,1.0,1.0
2.0,23.12745009816974,174.83945209599653,24196.0,1198.6465316712565,97.4,1.0,1.0
2.0,24.55371702118571,10.0,24196.0,185.0,108.5,1.0,1.0
2.0,10.0,10.0,-593079.4112086939,189.0,86.1,1.0,1.0
2.0,10.0,11.2,3076.0,1182.0,87.6,1.0,1.0
8.7,10.0,476.0,-1433857.670248014,6510.0,62.7,1.0,1.0
7.8,13.38,225.0,15531.0,934.0,96.4,1.0,1.0
5.9,27.774285262700865,210.4,17329.0,3130.0,94.0,1.0,1.0
2.0,10.0,10.0,9804.0,110.0,96.0,1.0,1.0
2.0,29.26,10.0,5172.0,295.0,111.7,1.0,1.0
-9.00040779380068,12.54,19.0,5172.0,318.0,108.9,1.0,1.0
2.0,10.0,10.0,3.0,3.0,100.3,1.0,1.0
2.0,10.0,10.0,3.0,3.0,97.1,2.24,1.4
2.0,18.39,10.0,53175.25154134072,24196.0,90.6,1.0,1.0
2.0,10.0,10.0,17329.0,14136.0,84.3,1.0,1.0
12.0,42.72,245.73444122053922,880.0,32590.20510756364,72.9,1.0,1.0
-16.941490184563975,36.21,89.26963517751193,2143.0,771.0,141.4,1.0,1.0
79.5,239.25,45.1,24196.0,91512.83611953497,10.0,1.0,5.03
120.0,349.64281676757633,33.8,24196.0,24196.0,14.5,1.44,9.552899216313282
2.0,10.0,20.6,73924.0200843215,24196.0,93.6,1.0,1.0
150.0,384.25,38.6,2419600.0,2419600.0,10.0,2.02,32.26
86.0,240.0,35.8,31161641.89084456,2419600.0,10.0,1.0,1.0
95.4,116.22,44.0,2400.0,2400.0,10.0,1.21,0.5854874043443004
176.25,264.41,244.2497775807898,11355726.187778728,604280.5016465272,10.8,1.0,7.63
65.0,146.9,105.8,241960.0,241960.0,10.0,1.0,2.54
98.2,141.42,140.0,-2094876.5523350807,1100.0,10.0,1.2,5.15
65.52,120.33,344.0,2400.0,240.0,12.0,1.0672197565400248,5.88
16.08,32.64,52.0,2400.0,460.0,53.0,1.0,1.0
54.0,93.48,148.0,2400.0,460.0,22.8,1.0498603903680837,4.88
47.28,70.08,56.0,2400.0,1100.0,39.5,1.0,1.0
46.2,70.56,68.0,2400.0,460.0,10.7,1.0,1.0
45.24,145.96493577722612,52.0,2400.0,2400.0,25.7,1.0,4.710195289864261
30.3,75.36,112.0,2400.0,1100.0,23.5,1.0,1.0
17.2,54.51,62.1,24196.0,24196.0,58.9,1.0,1.0
35.04,53.607159527614456,36.0,1100.0,460.0,10.0,1.0,1.0
55.56,83.61,403.1052152413565,2400.0,2400.0,10.0,1.0,1.0
54.0,67.2,70.0,59215.9849485904,2400.0,37.8,1.0,1.0
86.0,254.54116526592162,48.0,2400.0,2400.0,10.0,1.1336196464782182,7.377720701751984
40.2,55.68,68.0,-1375509.4815900847,66661.7150979675,10.0,1.0,1.0
7.2,44.08,43.1,6131.0,5172.0,36.6,1.0,1.0
15.33,27.36,285.48505490225085,15.0,7.0,53.0,1.0,1.0
50.5,88.44,61.2,241960.0,241960.0,10.0,1.0,1.0
98.6,132.93,102.0,150.0,95491.68657310287,38.6,1.2309617221911675,1.0
13.74,30.847974994934233,34.0,120.0,120.0,47.1,1.0,1.0
14.22,30.16,80.0,20.0,9.0,69.37988796409215,1.0,1.0
45.72,70.99,62.0,2400.0,240.0,49.2,1.0,1.0
49.08,72.38,18.0,2400.0,460.0,30.3,1.0,1.0
4.72,15.05,10.0,959.0,464.0,96.4,1.0,1.0
22.2,67.15,182.8,20499270.563979667,1732900.0,65.6,1.0,1.0
19.6,57.15,481.0,307600.0,155300.0,36.6,1.0,1.0
55.807700737274914,98.18,693.0,241960.0,241960.0,21.2,1.0,1.0
2.0,69.03,34.5,24196.0,24196.0,14.7,1.0,1.0
12.3,72.97,44.9,24196.0,24196.0,69.37597850072596,1.0,2.9071364640684028
22.6,77.33,47.7,98040.0,48840.0,97.0,1.0,1.0
73.0,341.79,241.5,547500.0,517200.0,55.603291489848544,1.0,1.96
81.0,149.21,198.0,488400.0,270000.0,10.7,1.0,1.0
95.5,146.38,206.5,241960.0,91041.41495303143,10.0,1.0,1.65
77.5,145.36,309.5,241960.0,241960.0,13.9,1.0,1.48
29.6,78.62,191.2,228600.0,95900.0,31.8,1.0,1.0
187.5,317.44,758.0,24196.0,24196.0,10.0,1.0,1.14
284.75,388.72,784.0,1413600.0,1413600.0,10.0,1.0,7.69
105.5,1190.0,239.5,2419600.0,2419600.0,10.0,1.0,100.0
213.75,3253.75,1207.0,241960.0,241960.0,19.6,2.49,134.42105726567425
106.0,931.5,178.8,2419600.0,2419600.0,10.0,1.0,41.01658385684419
94.0,96.8510788292135,27.7,2419600.0,2419600.0,46.6,2.55,1.0
134.0,1731.5,479.0,241960.0,241960.0,20.9,2.55,70.40661804371426
106.5,466.75,65.4,38929419.83928238,2419600.0,83.63293066308749,1.0,2.16
100.5,726.75,177.5,2419600.0,2419600.0,13.2,1.5647792091695538,24.39
2.0,24.24,10.0,24196.0,24196.0,55.1,1.0,1.0
144.25,196.87,104.2,96000.0,35500.0,10.0,1.0,5.81
113.0,197.38,100.6,461100.0,115300.0,10.0,1.0,1.68
24.639043578762326,26.04,10.0,2419600.0,2419600.0,24.7,1.0,1.0
10.3,66.82,86.0,12230.0,4570.0,47.2,1.0,1.0
2.0,96.72,304.4,15530.0,13330.0,30.2,0.9241364484428102,1.0
9.9,28.29,130.5,-2007623.8330413215,794.0,46.2,1.0,1.0
8.4,61.859728743502075,99.4,17329.0,111280.34151073129,40.7,1.0,3.050064330060622
2.0,11.65,30.5,15531.0,12997.0,42.3,0.9329093289442915,1.0
8.8,12.66,107.6,24196.0,24196.0,63.9,1.0,1.0
2.0,10.0,13.5,24196.0,24196.0,68.2,1.0,0.6595694345386363
2.0,26.16,16.1,2481.0,41.0,152.2,1.0,1.0
7.8,19.14,36.5,9804.0,80916.26902648172,53.0,1.0,1.0
13.3,31.44,60.0,-1016121.5992976464,24196.0,56.4,1.0,1.0
8.2,12.48,72.2,24196.0,15531.0,48.2,0.9604236056834626,0.610098600619184
8.2,25.513400421455188,274.66023591061895,2755.0,422.0,60.1,0.9757337679036712,1.0
8.1,16.64,76.1,24196.0,3873.0,27.2,1.0,1.0
12.4,28.42,183.4,7030.0,1990.0,43.5,0.9641852217163589,1.0
66.0,88.44,21.4,5475.0,683.0,46.0,1.0,1.0
1.596611139396913,27.59,778.6,141360.0,111990.0,94.0,1.0,1.0
2.0,10.0,10.0,-735431.890769097,292.0,83.3,1.0,1.0
2.0,22.88,860.6,24000.0,210.0,71.3746219695908,1.0,1.0
2.0,17.88,1125.3,24000.0,750.0,51.1,1.0,1.0
2.0,28.71,300.66220078105533,24000.0,90.0,54.6,1.0,1.0
2.0,43.71,790.6,24000.0,24000.0,51.8,1.0,1.0
2.0,29.54,380.0,4600.0,1500.0,54.4,0.950288324826563,1.0
2.0,32.88,396.3,11000.0,2400.0,54.8,1.0,1.0
2.0,24.96,438.1,24000.0,11000.0,71.47506415079103,1.0,1.0
2.0,38.29,372.7,11000.0,4600.0,56.0,1.0,1.0
2.0,28.29,346.8,24000.0,24000.0,55.0,1.0,1.0
2.0,23.71,1262.0,24000.0,24000.0,62.8,1.0,1.0
2.0,39.13,1325.0,24000.0,430.0,53.8,0.9491568791472189,1.0
2.0,77.46,2540.0,24000.0,24000.0,68.7,1.0,1.0
17.36632323223681,39.13,248.04259983264373,24000.0,24000.0,68.50981574384458,1.0,1.0
2.0,40.38,482.8,24000.0,24000.0,51.6,1.0,1.0
2.0,38.71,2618.4,24000.0,24000.0,55.4,1.0,1.0
2.0,43.29,246.57843431922765,24000.0,24000.0,71.2,0.9769646942908677,2.129036943791326
2.0,52.04,178.0,24000.0,24000.0,79.4,1.0,1.0
2.0,15.79,22.0,24000.0,24000.0,81.3,1.0,1.0
2.0,13.71,30.0,24000.0,24000.0,79.7,1.0,1.0
2.14,13.29,386.7,24000.0,24000.0,81.3,1.0,0.6575892944044112
2.29,45.38,26.0,230.0,90.0,47.6,1.0,1.0
2.57,48.71,359.82824862579935,2400.0,430.0,39.9,1.0,1.0
38.78295432316641,45.79,412.0,11000.0,4600.0,30.4,1.0224860490130936,1.0
2.0,13.71,710.0,24000.0,930.0,30.9,1.0,1.0
2.0,18.29,765.5,-2360377.596113218,4600.0,53.7,1.0,1.7208922654124938
2.0,16.63,506.1,11000.0,2400.0,57.4,1.0,1.0
2.0,25.17415539095399,279.9601942102738,11000.0,4600.0,58.3,1.0,1.374146744074706
20.662634406045242,36.63,2312.5,24000.0,24000.0,57.2,1.0,1.0
2.0,31.21,48.0,24000.0,24000.0,68.1,1.0,1.0
2.0,40.38,53.0,24000.0,24000.0,70.3,1.0,1.0
237.75,303.32,136.0,22877548.28004507,996099.6697997415,30.5,1.0,1.0
19.56,40.94,12.0,2400.0,460.0,44.3,1.0,1.0
12.72,17.14,26.0,460.0,460.0,69.51220073144879,1.0,1.0
57.56388356053574,163.39,14.0,2400.0,2400.0,62.612815226821894,1.0,1.0
15.57,30.01,10.0,2400.0,1100.0,61.0,1.0,1.0
4.2,47.67,11.2,24196.0,11199.0,85.6,1.0,1.0
24.6,34.27,16.0,2400.0,2400.0,67.3,1.0,0.4683150996720915
46.68,61.88,38.0,2400.0,1100.0,74.9,1.0,0.41522181196254504
11.1,22.26,26.0,240.0,64981.3464595422,60.1,1.0,1.0
13.05,25.17,16.0,460.0,460.0,72.9,1.0,1.0
3.92,10.0,22.0,3.0,3.0,107.4,1.0,1.0
3.94,10.0,16.0,3.0,3.0,103.2,1.0,1.0
2.15,10.0,18.0,52.0,41.0,116.3,1.0,1.0
4.92,10.0,10.0,3.0,3.0,93.5,1.0,1.0
4.36,10.0,10.0,20.0,10.0,106.1,1.0300203145702338,1.0
9.3,387.44,48.0,24196.0,24196.0,10.0,1.0,2.2
15.061696094420562,26.21,250.12811429058263,280.0,210.0,65.3,1.0,1.0
2.0,11.7,14.2,10462.0,262.0,75.2,1.0,0.6295645179497051
2.0,10.0,199.41013148997888,19863.0,9804.0,84.1,1.0,1.0
2.0,45.79,10.0,24000.0,4600.0,62.2,0.9636232543391823,1.0
2.0,41.21,10.0,230.0,30.0,65.8,1.0,1.0
2.0,39.13,10.0,24000.0,11000.0,65.1,1.0,1.0
2.0,24.54,10.0,11000.0,2100.0,71.78398051277655,1.0,1.0
2.0,26.21,10.0,90.0,3.0,50.1,1.0,1.0
2.0,29.96,10.0,40.0,3.0,55.1,1.0,1.0
2.0,27.04,10.0,230.0,71050.23642199271,57.7,1.0,1.0
2.0,28.29,307.92071041445274,230.0,40.0,52.7,0.947580509031031,1.0
2.0,29.54,10.0,230.0,90.0,52.8,0.9463953254228822,1.6694483654634793
2.0,16.63,10.0,230.0,40.0,57.3,1.0,1.0
2.0,19.96,10.0,-2271793.940340586,90.0,50.3,1.0,1.0
2.0,18.29,295.73747295843367,430.0,230.0,52.9,1.0,1.0
2.0,29.96,10.0,4600.0,2400.0,66.5,1.0,1.0
2.0,32.04,10.0,40.0,3.0,66.7,1.0,1.0
2.0,18.376255636444533,10.0,140.0,90.0,68.3,1.0,1.0
2.0,28.71,10.0,930.0,430.0,60.4,1.0,1.0
25.096571761291344,47.53161206994402,10.0,390.0,230.0,57.7,1.0,1.0
2.0,43.29,10.0,24000.0,24000.0,64.2,1.0,2.191215221039294
11.1,25.296900771300308,20.1,5172.0,199.0,33.6,1.0,1.0
14.3,18.39,27.4,24196.0,12033.0,39.4,1.0,1.0
9.2,56.31,300.0,20980.0,55026.898402988096,58.6,1.0,1.0
25.4,53.23,305.0,48840.0,19040.0,55.3,1.0229586099941987,1.0
19.1,63.23,477.5,-601627.8918585051,10860.0,52.9,1.0,1.0
16.7,26.75,791.4,241960.0,193290.0,62.4,1.0,1.0
17.4,68.87,80.3,17329.0,15531.0,107.4,1.0,2.086984853809251
15.4,48.62,75.6,12590.0,9600.0,50.2,1.0,1.0
39.63117742462147,72.62,159.8,68670.0,64880.0,41.8,1.0,1.0
12.0,48.51,78.7,24196.0,24196.0,16.3,1.0,1.0
17.4,37.33,10.1,14136.0,2187.0,68.87694659076172,1.0,0.9875881081397503
18.1,21.74,30.3,75074.9600495547,373.0,82.2,1.0,1.0
37.4,110.15,1485.7,4561716.87290543,141360.0,94.0,1.0,1.0
15.7,19.23,262.3,15390.0,1600.0,82.0,1.0,1.0
15.2,64.77,323.7,17930.0,6415.139058391156,82.0,1.0,1.0
14.8,19.23,388.7,17850.0,2690.0,91.4,1.0,1.0
2.0,10.0,265.9500715362109,48840.0,4080.0,62.9,1.0,0.6410948036691274
2.0,10.0,10.0,1467.0,813.0,101.8,1.0,1.0
-6.401721236367983,10.0,10.0,578.0,63.0,101.6,1.0,1.0
23.5,41.44,119.8,14136.0,90372.48222618253,41.1,1.0,1.2496124707446805
23.7,51.51,67.9,24196.0,6131.0,71.0,1.0,1.0
15.7,35.697782596592646,73.7,24196.0,24196.0,65.6,1.0,1.0
20.2,35.18,61.9,24196.0,14136.0,100.9,1.0,1.0
11.4,111.38,243.4,32550.0,14210.0,49.3,1.0,1.0
36.4,56.72,111.2,224700.0,57600.0,41.1,1.0,1.0
2.0,10.0,10.0,98.0,51.0,71.7,1.0,1.0
20.5,74.0,174.4,241960.0,241960.0,65.85562789378963,1.0,1.0
21.8,55.95,215.4,24196.0,24196.0,41.4,1.0,1.0
4.4,23.74,398.3,24196.0,33594.33483681339,78.7,1.0,1.0
6.96,22.9,76.2,-260405.81425447855,24196.0,79.0,1.0,1.0
9.48,11.87,70.2,24196.0,24196.0,79.2,1.0,1.0
7.84,10.18,194.99399023352152,6867.0,1250.0,83.1,1.0,1.0
8.0,12.72,38.3,15531.0,512.0,97.7,1.0282052999131719,1.0
8.6,55.62,74.3,24196.0,15531.0,50.5,1.0,1.0
-7.891510133775569,10.0,46.8,-61583.73712799419,216.0,103.0,0.9920801820332757,1.0
2.0,10.0,117.64025253289327,1650.0,160.0,113.4,1.0,1.0
3.1594936033280376,10.0,16.9,-1185701.4936124338,131.0,73.6,1.0,1.0
2.0,10.0,233.40177241948186,-1315975.0410552053,119.0,72.0,1.0,1.0
2.0,10.0,28.6,24196.0,278.0,53.8,1.0,1.0
2.0,10.0,50.9,4352.0,489.0,100.9,1.0,1.0
4.16,36.21,17.2,552558.4206318446,62.0,101.0,1.0114712680287596,1.0
2.0,10.0,46.9,3654.0,41.0,106.1,1.0,1.0
2.0,10.0,35.7,1236.0,31.0,107.4,1.0,1.0
-7.338300417547121,10.0,42.7,2098.0,63.0,103.6,1.0,1.0
7.4,13.44,150.6,15650.0,1550.0,88.6,1.0,1.0
6.4,14.28,243.0,19560.0,2500.0,70.35182366222557,0.9842813031920904,1.0
2.0,10.0,24.4,5172.0,76927.7577618477,58.4,1.0,1.0
2.0,10.0,24.1,-1727896.5356057761,41.0,64.0,1.0,1.0
8.154920592558547,12.6,39.7,2613.0,171.0,71.7,1.0,1.0
2.0,17.98166950890915,23.8,9804.0,31.0,65.2,1.0,1.0
2.0,21.82311877248337,28.5,-2144057.2975870557,41.0,58.7,1.0,1.8184537395067806
2.0,10.0,46.7,6131.0,609.0,92.8,1.0,1.0
10.4,13.44,32.0,9208.0,987.0,87.9,1.0,1.0
7.1,10.0,166.4571487336368,72700.0,17260.0,93.1,1.0,1.0
4.08,10.0,25.0,8664.0,2400.0,90.1,1.0,1.0
14.7,16.8,35.9,15531.0,6867.0,91.9,1.0,1.0
2.0,10.0,17.7,17329.0,5172.0,79.4,1.0,1.0
11.0,13.44,16.6,10462.0,3076.0,84.8,1.0187314302261261,1.0
18.3,20.16,33.5,6488.0,315.0,68.5,1.0,1.0
9.2,10.0,148.4712060954173,17329.0,1029.0,98.9,1.0,1.0
8.2,11.65,360.0,57940.0,8690.0,101.2,1.0,1.0
8.7,10.0,130.1,24196.0,2809.0,105.6,1.041519901739846,1.0
8.6,10.0,159.9,61310.0,6330.0,94.2,1.0,1.0
2.0,10.0,166.31301472019237,-80078.2447603466,160.0,96.1,1.0,1.0
2.0,16.8,349.4,54750.0,10710.0,87.1,1.0,1.0
2.0,29.4,210.6959858303643,24196.0,17329.0,86.3,0.9990213720228546,1.0
2.0,10.92,254.6,24196.0,10462.0,71.36817705742044,1.0,1.0
2.0,10.0,20.2,6488.0,226.0,106.8,1.0,1.0
2.0,10.0,18.4,6131.0,216.0,112.9,1.0330333337578566,1.0
11.8,12.6,279.8,14136.0,262.0,99.6,1.0,1.0
13.1,16.8,476.0,1321704.1722968891,100.0,101.3,1.0,-0.37607825010700036
11.9,12.6,384.8,7940.0,750.0,105.6,1.0507768304423941,1.0
11.4,13.44,150.3559451409413,12100.0,520.0,98.3,1.0,1.0
2.0,18.48,499.6,36540.0,7890.0,86.3,1.0,1.0
2.0,10.0,275.70031427742583,-2093051.9424085598,298.0,56.8,1.0,1.0
24.0,95.79,10.0,4600.0,2100.0,68.39055881596359,1.0,1.0
113.33,259.37,172.7,24000.0,24000.0,18.3,1.19,28.57
160.0,382.23,367.7,24000.0,24000.0,13.4,1.77,90.91
339.0,711.44,163.465,24000.0,24000.0,12.7,1.63,12.82
380.0,790.8,132.3,24000.0,24000.0,11.1,1.86,25.0
259.5809708271381,1284.46,75.5,9618202.356077485,24000.0,13.1,1.27,37.04
373.33,822.23,81.5,24000.0,24000.0,17.6,2.66,8.13
31.0,133.29,20.0,2400.0,1500.0,13.1,1.0,1.0
680.0,1442.254703976759,80.0,24000.0,24000.0,10.0,2.75,25.64
240.0,590.8,82.1,24000.0,24000.0,13.7,1.28,20.0
76.67,202.23,122.6,24000.0,24000.0,19.7,1.0,8.2
193.33,333.5209888696268,416.7,11501200.0,1852755.63148357,12.3,5.38,1.38
66.67,167.94,873.3,4600.0,110.0,63.374854517493674,1.1616504141412596,1.0
12.5,89.13,318.2,24000.0,24000.0,55.3,1.0,1.0
136.835,272.635,119.285,4651200.0,2100.0,11.7,1.0,10.31
2.0,31.63,29.0,4600.0,2400.0,90.4,1.0,1.0
2.0,38.71,10.0,11000.0,4600.0,70.3,1.0,1.0
2.0,39.96,10.0,11000.0,2100.0,65.6,1.0,1.0
2.0,45.79,10.0,4600.0,2400.0,69.2,1.0,1.0
3.17,35.79,288.48719872550976,2400.0,1500.0,61.2,0.9642496724486095,1.0
6.0,32.04610358982484,351.9,24000.0,24000.0,70.49179802149911,1.0,1.3846613522128266
18.0,94.54,465.4,24000.0,1500.0,57.2,1.0,1.0
5.17,62.46,374.2314849469241,24000.0,160173.99378255886,17.6,1.0,3.5368642420862693
6.0,83.71,424.1,24000.0,2100.0,47.8,0.9573983994853407,1.0
63.20072152480978,165.09,540.0,11000.0,2400.0,50.9,1.0,1.0
18.0,38.85854431014636,851.4,24000.0,24000.0,57.5,1.0,1.0
30.0,128.71,366.6350369772293,24000.0,24000.0,49.2,1.036574043934486,1.0
10.0,85.79,362.7766371808283,4600.0,2100.0,47.4,1.0,1.0
370.0,601.86,399.6643654657612,10512000.0,11000.0,20.906736491031282,1.0,2.47
254.5403993657951,890.8,190.0,24000.0,24000.0,12.6,1.76,19.61
77.33,186.345,280.75,3825027.813362861,24000.0,50.2,1.0,1.0
173.33,405.08,91.1,24000.0,24000.0,10.0,1.08,11.9
27.0,96.63,196.4,24000.0,24000.0,32.7,1.0,1.0
460.0,796.51,136.8,24000.0,24000.0,19.7,1.0,12.5
360.0,696.51,259.4,24000.0,24000.0,10.6,1.0,23.26
61.5,127.9684956360502,267.665,7512000.0,24000.0,25.8,1.0,1.0
26.67,100.38,169.0,24000.0,24000.0,22.3,1.0,1.0
73.33,190.8,52.1,24000.0,24000.0,15.5,1.0,1.46
44.0,93.71,55.0,24000.0,24000.0,38.9,1.0,2.3511042828878814
187.0,377.94,256.65,11512000.0,24000.0,61.11574492878169,1.250691750283212,1.0
76.67,196.51,183.9,24000.0,930.0,41.4,1.0,5.084798765461845
50.0,165.09,274.3,24000.0,1500.0,24.1,1.0,1.0
46.0,101.21,54.8,24000.0,24000.0,33.1,1.0,1.0
54.09198528298526,73.29,392.4434535043863,4600.0,2400.0,11.1,1.0,1.0
123.33,265.08,387.9,24000.0,71836.2001376256,14.2,1.0,6.37
2.14,34.13,42.0,24000.0,24000.0,64.5,1.0,1.0
185.14020542710549,725.09,200.0,930.0,-78134.41137293886,17.3,1.0,11.9
294.0,5200.0,40.7,2419600.0,2419600.0,10.0,1.92,221.8452861768491
183.5,7900.0,1038.9,241960.0,241960.0,26.1,1.0,345.96409434515385
205.0,360.0,48.2,68670.0,32550.0,10.0,1.0,6.41
2.0,10.0,27.5,15531.0,54713.09463941777,70.87006554338079,1.0,1.0
2.0,10.0,117.1,5172.0,455.0,117.4,1.0,1.0
2.0,24.96,10.6,24196.0,3.0,65.7,1.0,1.0
107.8,130.46,10.0,23.0,4.0,42.0,1.0,1.0
31.98,53.79,10.0,93.0,23.0,70.1,1.0,1.0
24.72,38.56,14.0,9.0,4.0,65.8,1.0326380128217887,1.0
28.32,36.65,16.0,-1096895.5101796035,7.0,46.4,1.0,1.0
106.4,142.52,18.0,21.0,4.0,17.4,1.0,1.0
29.64,47.80398162655784,12.0,150.0,20.0,19.4,1.0,1.0
31.2,38.56,12.0,210.0,43.0,56.1,1.0,1.0
3.37,10.0,11.0,2400.0,2400.0,71.27615887951983,1.0,1.0
5.57,16.66,10.0,2400.0,16999.568893021613,89.0,1.0,1.0
8.0,37.04,10.0,24000.0,24000.0,29.2,1.0,1.0
2.0,10.0,10.0,2400.0,54136.23593508708,70.86692984135249,1.0,1.0
2.0,19.96,10.0,930.0,210.0,92.9,1.0,1.0
2.0,10.0,22.0,2400.0,2400.0,90.0,1.0,1.0
2.0,22.04,67.0,2400.0,930.0,92.1,1.0,1.0
2.0,10.0,10.0,2400.0,2400.0,71.55279607163648,1.0,1.0
2.0,21.21,12.0,750.0,29768.716118565353,81.7,1.0,1.0
2.0,10.0,189.00173174320173,2400.0,2400.0,88.0,1.0,1.0
2.0,29.13,10.0,930.0,430.0,38.7,1.0,1.0
2.0,27.88,10.0,2100.0,750.0,96.0,1.0,1.0
2.0,10.0,10.0,2400.0,2400.0,89.0,1.0,0.43831471769289765
2.0,10.0,10.0,2400.0,2400.0,89.0,1.0,1.0
2.0,10.0,10.0,2400.0,2400.0,91.0,1.0,1.0
2.0,10.0,10.0,2400.0,2400.0,92.0,1.0,1.0
4.7,10.0,748.0,38730.0,32550.0,84.3,1.0,0.3292625288231683
2.0,18.3,37.5,24196.0,24196.0,88.9,1.0,1.0
2.0,10.0,24.8,24196.0,55108.651640990545,70.87912997546971,1.0,1.0
2.0,10.0,15.8,4611.0,9943.613514256547,95.2,1.0,1.0
2.0,10.0,37.3,3654.0,933.0,89.5,1.0,1.0
2.0,10.0,12.6,4611.0,38705.16532293375,79.4,1.0,1.0
2.0,10.0,10.0,6131.0,2595.0,73.8,1.0,1.0
2.0,-14.656529507836701,10.0,-4883736.475057578,393.0,10.0,1.0,1.0
2.0,10.0,10.0,-4493865.837049518,281.0,10.0,1.0,1.0
2.0,12.54,10.0,5475.0,164020.31959492745,10.0,1.0,1.0
2.0,14.28,10.4,11199.0,168.0,28.3,1.0,1.0
2.0,13.31,10.0,2613.0,132454.63794675042,28.8,1.0,1.25
2.0,15.718477915083106,308.12870429695886,4352.0,2098.0,47.6,1.0,1.0
2.0,21.63,10.0,1187.0,74994.94244762158,49.2,0.9555086389031242,1.0
2.0,38.95,10.0,933.0,122.0,57.6,0.9559866897144411,1.0
2.0,36.38,10.0,2755.0,181.0,71.97174106149258,1.0,1.0
15.45,24.96,38.0,-479076.21992577054,210.0,80.1,1.0370882909531123,1.0
20.4,25.92,38.0,43.0,23.0,51.6,1.0,1.0
15.54,21.6,60.0,1100.0,240.0,64.9,1.0,0.4146593705865309
22.92,28.8,18.0,93.0,23.0,63.8,1.0,0.3420150654346765
19.8,23.52,56.0,240.0,240.0,56.5,1.0,1.0
20.88,26.4,22.0,-1247790.4759137984,240.0,52.7,1.0,1.0
15.416046100345085,33.4,406.0,1100.0,240.0,69.02053460146507,1.0,1.0
30.36,49.85,192.0,240.0,93.0,59.7,1.0,1.0
17.88,26.88,196.0,1100.0,1100.0,64.1,1.0,1.0
21.0,24.0,18.0,2400.0,75.0,84.1,1.0,1.0
27.9,40.8,182.0,2400.0,1100.0,62.5,1.0371904199681448,1.0
12.66,21.12,50.0,150.0,82792.51853274001,50.2,1.0,1.0
30.72,45.6,19.0,240.0,240.0,67.2654413909193,1.052645789786201,1.0
22.2,26.4,13.0,460.0,93.0,60.8,1.0,1.0
2.0,10.0,25.6,58583.04503200576,226.0,98.8,1.0,1.0
2.0,10.0,10.0,2359.0,86.0,57.3,1.0,1.0
19.98,23.52,18.0,1100.0,30962.407357410295,76.6,1.0,1.0
7.3,47.59,185.50225237616695,54750.0,36540.0,98.1,1.0,1.0
0.3581677686044742,10.0,45.4,2247.0,644.0,86.9,1.0,1.0
2.0,10.0,144.5,24196.0,49014.71616461378,74.1,1.0,1.0
2.0,10.0,20.5,1014.0,189.0,85.6,1.0,1.0
2.0,10.0,21.8,880.0,203.0,85.7,1.0,1.0
5.5,10.0,145.3,-38174.21216146089,323.0,94.0,1.0,1.0
4.8,10.0,179.2,2247.0,450.0,91.8,1.0,1.0
2.0,10.0,268.5,3448.0,867.0,94.2,1.0,1.0
9.9,15.12,231.70281510936843,2481.0,51379.827126478194,69.27398646767644,1.0,1.0
2.0,10.0,147.6,3441.0,457.0,94.0,1.0,1.0
2.0,10.0,198.3,748.0,388.0,71.48202583396542,1.0,1.0
2.0,10.0,180.4,2603.0,548.0,93.9,1.0,1.0
2.0,10.0,10.0,-683944.9051181814,-5791.717655471381,85.7,1.0,1.0
2.0,10.0,10.0,148.0,52.0,79.8,1.0,1.0
10.9,12.6,157.85046239345644,4611.0,712.0,95.6,1.0,1.0
-0.5343741965625455,19.254709082774923,179.0,3448.0,408.0,94.7,1.0,1.0
2.0,-14.667255919834918,10.0,-4887929.895270728,51.0,10.0,1.0,1.0
2.0,13.18,25.4,987.0,3.0,31.5,1.0,1.0
2.0,19.78,353.6634727699927,-3206669.779037254,73.0,32.1,1.0,1.0
2.0,11.54,20.9,1162.0,41.0,28.2,1.0,1.0
12.895758942662098,29.43470448358763,51.7,-770052.1815601354,20.0,67.7,1.0,1.0
2.0,14.83,42.7,-2896654.441924639,81.0,39.7,1.0,1.0
2.0,10.0,10.9,161.0,73.0,71.57995174404574,1.0,1.0
2.0,10.0,10.0,146.0,31.0,113.6,1.0,1.0
2.0,16.48,19.6,75.0,10.0,22.4,0.9025941489455653,1.0
2.0,10.0,10.0,97.0,3.0,20.0,1.0,1.0
2.0,27.19,10.0,432.0,223.0,10.0,1.0,1.0
4.88,23.07,24.9,-4448772.608405661,1414.0,22.4,1.0,3.3
2.0,10.0,38.3,173.0,63.0,35.3,0.9206174231122538,1.0
2.0,9.59371253712802,10.0,1935.0,109.0,10.0,1.0,1.0
42.0,86.21,57880.0,4600.0,2100.0,30.0,1.0,1.0
96.67,182.23,284.96005956344453,24000.0,24613.917681619176,46.6,1.0,3.72
120.0,179.37,104.5,24000.0,24000.0,26.7,1.0,1.0
220.0,350.8,231.6843178552994,24000.0,24000.0,25.6,3.03,4.24
32.865344092395404,213.66,333.18479685109276,24000.0,24000.0,26.2,1.0,10.87
78.0,165.09,37.7,24000.0,24000.0,26.3,1.0,1.0
21.989793778486373,44.96,54.0,24000.0,24000.0,68.36041471750032,1.0329598579048433,1.0
220.0,530.8,100.0,24000.0,11000.0,26.6,1.52,17.24
2.0,33.71,12.0,24000.0,24000.0,26.3,1.0,1.0
26.0,82.46,49.0,24000.0,2400.0,26.9,1.0,1.0
15.33,45.79,54.0,24000.0,1500.0,25.4,1.0,1.0
103.33,163.87476947380765,32.5,24000.0,930.0,53.19282371733719,1.0,1.62
55.181201565153074,99.13,25.0,24000.0,24000.0,25.8,1.0,1.0
16.5,35.79,173.3,24000.0,2100.0,27.4,1.0,1.0
13.0,33.71,136.0,24000.0,11000.0,28.0,1.0,1.4351803726410322
60.0,190.8,28.4,24000.0,24000.0,27.2,1.0,1.41
33.0,125.79,1047.1,24000.0,24000.0,50.4,1.0461322473340935,1.0
64.0,118.71,135.7,24000.0,24000.0,26.3,1.0,2.472459218757227
37.0,64.13,11.0,24000.0,24000.0,26.6,1.0,1.0
5.33,15.854169118684418,13.0,24000.0,24000.0,26.2,1.0,1.0
28.0,41.63,10.0,24000.0,24000.0,26.2,1.0,1.0
43.0,84.13,149.1,-5185890.769827083,24000.0,26.5,1.141818939246181,9.09
1520.0,3254.0,162.2,24000.0,24000.0,21.7,6.9,52.63
5.5,43.56,54.9,1607.0,10.0,113.0,1.0,1.0
5.2,11.08,56.1,11199.0,52.0,13.7,1.0,1.0
2.0,51.625,10.0,2400.0,930.0,56.4,1.0,1.0
300.0,750.8,342.857,24000.0,24000.0,36.4,1.8531271408539611,1.0
2.0,47.041,10.0,24000.0,11000.0,67.8,0.9730293123902862,1.0
4.0,10.0,49.0,-1234463.2903603632,-13142.641730280797,75.0,1.0,1.0
7.0,29.935,93.0,2400.0,2400.0,81.0,1.0,1.0
2.0,10.0,10.0,473.0,3.0,45.4,1.0,1.0
2.0,10.0,10.0,-2266764.4623758635,3.0,53.5,1.0,1.0
2.0,21.34974774958414,88.5,1658.0,14500.387586517027,90.0,1.0,1.0
9.7,344.74,7583.3,6137288.276134948,14136.0,83.6,0.8972971744100778,1.0
2.0,10.0,10.0,8164.0,272.0,59.0,1.0,1.0
2.0,23.128854294563702,152.0,2046.0,269.0,98.2,1.0,1.0
8.2,29.26,560.7,8300.0,925.8642076619144,94.0,1.0,1.0
4.9,16.72,175.2953682804598,6200.0,1070.0,93.7,1.0,1.0
2.0,10.0,136.0,663.0,323.0,104.9,1.0,1.0
7.9,10.0,146.64192588395235,1500.0,450.0,100.2,1.0,1.0
0.47720516325771456,24.13,6014.0,-826864.3070824705,-25254.05714830174,83.8,1.0,1.0
15.3,26.62,6042.0,630598.0476829242,22470.0,88.3,1.0,1.0
258.7,324.15,156.0,2400.0,2400.0,23.04617151137287,1.0,4.35
3.385,16.3548015,10.0,12.75,3.0,97.8,1.0,1.42
12.4,21.1,18.2,24196.0,24196.0,69.35872647409184,1.0,1.0
65.41223210359453,119.79,22.5,24196.0,24196.0,10.0,1.0,1.57
2.0,10.0,16.1,31463.84801796265,50226.0,86.8,1.0,1.0
4.804510042091962,19.88,10.0,24196.0,26989.28674638775,84.4,1.005143077322535,1.0
7.91,20.725,10.0,24196.0,6512098.0,82.0,1.0,1.0
7.935,11.945,12.05,15531.0,20350.5,89.7,1.0,1.0
4.74,10.0,10.0,562098.0,24196.0,88.1,1.0,1.0
4.32,21.605,10.0,16598.0,24196.0,84.3,1.0,1.0
2.0,10.0,10.0,2359.0,1259.0,87.3,1.0,1.0
4.74,12.66,10.0,24196.0,24196.0,80.7,1.0,1.0
15.3,38.055,188.49038719367326,24196.0,104198.0,87.0,1.0,1.1677746012518382
15.495,23.12,10.0,24196.0,132098.0,67.89630300115044,1.0310194204855125,1.0
3.456142065578284,18.145,10.0,24196.0,262098.0,81.9,1.0,1.0
6.835,10.0,11.45,24196.0,18958.33200713244,89.7,1.0,1.0
4.97,19.96,41.0,150000.0,34500.0,58.8,1.0,1.0
3.42,11.945,10.55,24196.0,30598.0,86.6,1.0,1.0
11.665,13.895,17.25,24196.0,12598.0,69.55540946670726,1.0,1.0
2.0,10.0,24.9,15531.0,29332.0,89.1,1.0,0.48728164500930293
1.1085668610031263,20.01,10.0,24196.0,162098.0,86.2,1.0,1.2780889210370265
2.0,10.0,12.1,9804.0,1968.0,88.2,1.0,1.0
3.49,10.0,13.7,562098.0,24196.0,70.1,1.0,1.0
3.665,10.0,10.0,49598.0,24196.0,76.1,1.0,1.0
2.8517849597855616,10.0,205.59160720767596,24196.0,23598.0,81.1,1.0,1.0
5.84,12.115,10.0,24196.0,41598.0,85.8,1.0,1.0
7.74,10.0,16.85,24196.0,40098.0,69.92349498014056,1.0,1.0
15.15,89.86,43.55,31598.0,24196.0,80.6,1.0,1.0
5.77,15.69,12.55,49598.0,21528.444126141345,87.9,1.0,1.0
5.885,13.075,10.0,12098.75,24196.0,49.6,1.0,1.0
3.9977083836972156,27.37,193.61123843136158,24196.0,67098.0,89.3,1.0,1.0
2.0,10.0,177.17848187855748,-281517.5936852945,31.0,92.2,1.0,1.0
6.8,10.0,111.2,24196.0,5794.0,77.8,1.0,1.0
2.0,10.0,10.0,3255.0,31.0,92.1,1.0,1.0
22.87680764875345,10.0,11.1,4352.0,3.0,34.4,0.9787645498758182,1.0
2.0,10.0,11.2,1597.0,3.0,88.8,1.0,0.43536341783218213
4.705905524767346,10.0,238.43785611426958,-1363231.041669474,3.0,68.87686445218401,1.0,1.0
2.0,10.0,22.6,3076.0,96.0,96.4,1.0,1.0
30.54,45.5,14.0,93.0,27043.226493034308,71.5,1.0,1.0
31.14,49.98,32.0,2400.0,2400.0,18.3,1.0,1.0
44.04,55.69,48.0,460.0,460.0,14.3,1.0,1.0
16.26,21.96,36.0,2400.0,460.0,56.2,1.0,1.0
11.52,21.47,285.5864108647897,2400.0,240.0,55.0,0.9780539773447878,0.7179444761307663
15.96,29.77,48.0,-2201762.347464081,240.0,37.1,1.0,1.0
18.96,32.21,32.0,1100.0,1100.0,46.2,0.9872858451720075,1.0
31.08,51.94407188358157,186.0,2400.0,2400.0,32.6,1.0,1.0
23.88,30.74,12.0,2400.0,2400.0,30.5,1.0,0.6741926596051929
25.26,37.13,136.0,1100.0,1100.0,67.89098597216602,1.0371545911194442,1.0
20.22,31.72,20.0,1100.0,108690.00723356573,32.0,1.0,1.0
5.46,24.75,88.0,1100.0,36828.1438513092,76.2,1.0,1.0
28.44,31.42,122.0,150.0,43.0,79.3,1.0,0.010086398148067
25.62,69.02,214.0,1100.0,23.0,79.1,1.0,1.0
11.49,23.8,52.0,2400.0,210.0,76.5,1.0,1.0
16.47,27.61,239.5980254440123,460.0,460.0,68.8028838106826,1.0,1.0
15.36,24.75,272.0,43.0,43.0,72.1,1.0,1.0
16.89,19.52,14.0,93.0,93.0,20.1,0.9420652302233858,1.0
16.86,68.07,14.0,20.0,3.0,57.6,1.0,1.0
8.58,25.669948315839214,16.0,93.0,28.0,58.5,1.0,1.0
28.92,66.64,20.0,20.0,15.0,54.8,1.0,1.0
25.92,32.21,50.0,23.0,23.0,47.3,1.0,1.0
30.42,67.59,14.0,28.0,15.0,55.4,1.0,1.0
19.62,27.33,12.0,240.0,240.0,76.9,1.0,1.0
52.81,69.3,1240.0,2400.0,1100.0,83.9,1.0,1.0
14.76,29.51,14.0,9.0,3.0,58.3,1.0,1.0
43.08,51.3,72.0,4.0,3.0,19.4,1.0,1.0
40.08,45.5,66.0,1100.0,9.0,91.1,1.0,1.0
30.6,44.04,18.0,210.0,210.0,18.9,1.0,1.0
31.26,45.01,28.0,460.0,15.0,39.1,1.0,1.0
53.4,64.37,22.0,15.0,3.0,83.8,1.0,1.0
10.074364419823333,48.4,206.40626909840836,210.0,15.0,90.6,1.0,1.0
20.28,24.89,26.0,43.0,43.0,92.3,1.0,1.0
17.16,27.82,22.0,1100.0,50706.61694632089,65.4,1.0,1.0
17.94,38.726759167471286,48.0,1100.0,210.0,62.1,1.0,1.0
15.99,24.28,14.0,150.0,75.0,58.4,0.995525443847088,1.0
15.69,35.71470946089289,56.0,2400.0,2400.0,62.3,1.0,1.0
26.76,34.46,24.0,43.0,23.0,112.4,1.1055941911249523,1.0
15.3,20.94,240.2476249466443,-1199100.3233863078,2400.0,66.1,1.0335729597045382,1.0
20.88,27.38,20.0,210.0,120.0,81.3,1.0,1.0
15.78,36.3155360229549,10.0,15.0,9.0,65.6,1.0,1.0
28.5,32.37,216.0,2400.0,1100.0,63.8,1.0,0.18100317094922103
28.2,32.57,26.0,2400.0,2400.0,84.6,1.0,1.0
15.42,23.23,190.0,2400.0,2400.0,68.9,1.009268202664383,1.0
15.0,29.77,904.0,2400.0,14724.381001029484,84.3,1.0,1.0
30.36,51.73,236.0,28.0,28.0,87.6,1.0,1.0
40.32,71.52347178945662,32.0,1100.0,31511.911773179803,79.0,1.105367275344733,1.0
29.58,44.41,194.0,1100.0,460.0,86.2,1.0,0.4655632624668251
15.99,31.72,10.0,93.0,23.0,85.2,1.0,1.0
24.66,32.7,213.0261556817258,43.0,43.0,75.2,1.0453640596790357,1.0
29.1,54.25945390759534,690.0,1100.0,32804.51739237609,65.99256724878892,1.0,1.0
17.695126893841547,49.29,494.0,460.0,150.0,74.3,1.0,1.0
6.273430824571932,46.36,204.51718551705073,2400.0,460.0,87.2,1.0,1.8347029542887208
25.26,35.14,40.0,2400.0,1100.0,76.3,1.0491695281890234,1.0
32.04,45.87,10.0,460.0,-3344.5537151745666,87.8,1.0,1.0
18.06,21.6,14.0,2400.0,460.0,78.3,1.0,1.0
2.0,25.08,10.0,110.0,3.0,119.8,1.0,1.0
2.0,12.54,10.0,305.0,3.0,71.61899735417774,1.0,1.0
2.0,10.0,10.0,613.0,85.0,50.8,1.0,1.0
12.15,19.04,70.0,150.0,93.0,80.7,1.0,1.0
48.0,61.4,34.0,23.0,3.0,90.0,1.0,1.0
30.78,44.74,189.5166506221246,2400.0,1100.0,85.2,1.0,1.0
13.47,22.37,172.0,460.0,43.0,71.3,1.0,1.0
30.24,40.94,328.0,2400.0,1949.8084328073019,86.1,1.0,1.0
-0.23911894807465472,10.0,183.1333030039711,24196.0,1112.0,94.4,1.0,0.49496457318671694
5.2,10.0,50.7,6867.0,298.0,81.6,1.0,1.0
4.58,26.75,12.8,12033.0,2282.0,71.29425310042643,1.0,1.0
6.36,10.0,10.0,2046.0,480.0,55.6,1.0,1.0
2.0,17.47,10.0,256.0,75.0,66.3,1.0,1.0
2.71,38.71,13.0,24000.0,24000.0,81.1,1.0,1.0
17.956425631607594,40.79,102.0,24000.0,24000.0,68.48907237439997,1.0,1.0
2.0,26.21,13.0,1500.0,280.0,93.0,1.0,1.0
34.19240269207441,75.79,54.0,24000.0,24000.0,56.1,1.0,1.0
3.33,84.13,26.0,430.0,230.0,40.6,1.0,1.0
2.0,34.13,10.0,24000.0,2301.0826025057177,94.5,1.0,1.0
7.6,63.71,121.0,1500.0,930.0,36.2,1.0,1.0
42.595363945138345,65.38,154.0,70.0,89580.9855966591,29.9,1.0,1.0
47.3765280425491,79.54,13.0,24000.0,24000.0,30.0,1.0,1.0
10.3,13.38,31.9,19863.0,3947.344611289649,96.3,1.0,1.0
2.0,15.38,81.0,4600.0,930.0,63.7,1.0,1.0
3.8780709686586405,25.08,100.2,24196.0,17329.0,88.9,1.0,1.0
2.0,14.13,58.0,4600.0,2400.0,60.2,0.957456206664043,1.0
2.0,10.0,128.1,8664.0,933.0,92.8,1.0,1.0
2.0,10.0,10.0,2359.0,63.0,46.2,1.0,1.0
2.0,43.71,26.0,24000.0,44955.136204650684,68.9,1.0,1.0
2.0,10.0,13.6,19863.0,18853.769562540925,90.7,1.0,1.0
12.1,15.05,231.60257803312084,24196.0,7701.0,69.44169052246214,1.0,1.0
8.1,11.7,98.0,195161.6535145687,12910.0,93.0,1.0,1.0
2.0,61.21,12.0,24000.0,11000.0,51.0,1.0,1.0
2.0,60.38,18.0,24000.0,24000.0,70.0,0.9799545496651046,1.0
2.0,64.96,44.0,24000.0,4600.0,70.0,1.0,1.0
2.0,21.846396705407898,29.4,9208.0,94.0,90.8,1.0,1.0
2.57,34.54,24.0,11000.0,58506.361121143185,68.5,1.0,1.8003704657494952
13.0,62.1,84.0,24196.0,24196.0,87.7,1.0,1.0
2.43,31.21,31.0,24000.0,11000.0,69.3,1.0,1.0
15.97253716441962,27.88,22.0,2400.0,930.0,69.15626710753676,1.0,0.6392571984309435
2.0,13.71,184.23219735610718,-280825.50352319144,750.0,90.9,1.0,1.0
8.404109629784472,30.38,199.44774415991196,287106.0419750847,32213.789102058014,87.1,1.0149967653623306,0.9623639607738105
2.0,28.71,194.74242314523616,24000.0,11000.0,91.9,1.0,1.0
2.0,10.0,28.3,1439.0,512.0,49.1,1.0,1.0
2.0,32.46,10.0,24000.0,24000.0,71.62883860304042,1.0,1.0
2.0,17.47,13.4,830.0,55864.03733702231,68.2,1.0,1.0
21.74707765667612,45.38,87.0,930.0,430.0,68.60502015291013,1.028946268805309,1.0
3.082903799892037,47.46,11.0,430.0,70.0,92.7,1.0,2.0259005976418107
5.0,19.516046144655405,274.6,2400.0,430.0,46.4,1.0,1.0
2.0,37.88,18.0,390.0,230.0,86.6,1.0,1.0
4.33,52.88,18.0,11000.0,135424.72548609113,16.3,1.0,1.0
2.0,35.79,10.0,24000.0,24000.0,99.1,1.0,1.0
780.0,1581.6,65.7,11000.0,2100.0,10.0,1.4,13.51
2.0,27.46,12.0,4600.0,2400.0,98.3,1.0,1.0
2.0,26.63,10.0,2100.0,930.0,92.2,1.0,1.0
2.0,18.29,11.0,4600.0,750.0,66.0,1.0,1.0
2.0,48.71,10.0,-373109.82909475267,4600.0,77.4,1.0,1.0
2.0,32.04,10.0,24000.0,24000.0,66.5,1.0,1.0
2.0,37.04,10.0,430.0,230.0,72.0,0.9766986720309433,1.0
2.0,28.71,12.0,24000.0,24000.0,64.0,1.0,1.0
6.0,54.54,50.0,24000.0,2100.0,26.4,1.0,1.0
36.0,83.29,360.54192455116083,24000.0,24000.0,34.0,1.0,1.0
30.050135458589494,38.71,30.0,24000.0,24000.0,41.0,1.0,1.0
15.113452393182264,32.04,33.0,930.0,230.0,69.24967017538182,1.0,1.0
2.0,30.38,12.0,4600.0,2400.0,71.85551663802397,1.0,1.0
11.675700083546758,10.0,12.0,1539.0,327.0,62.4,1.0,1.0
2.0,26.21,10.0,24000.0,40.0,62.0,1.0,1.0
2.25,45.38,92.0,2100.0,53756.420339600474,63.0,1.0,1.0
2.0,37.04,20.0,11000.0,4600.0,62.0,1.0,1.0
2.0,36.21,295.07406853201104,11000.0,2100.0,59.0,1.0,1.0
2.0,23.29,26.0,2100.0,1200.0,90.8,1.0,1.0
2.0,42.04,20.0,24000.0,24000.0,60.0,0.9635375716333185,1.0
2.0,38.71,11.0,-836780.318221611,24000.0,67.0,1.0,1.0
2.0,10.0,10.0,990.0,148.0,67.1,1.0,1.0
17.94518528548283,38.29,10.0,2400.0,930.0,67.2,1.0,1.0
22.85491924235518,36.21,11.0,24000.0,24000.0,55.0,1.0,1.0
2.0,51.21,15.0,24000.0,24000.0,27.0,1.0,1.0
2.0,10.0,20.6,2481.0,2142.0,48.2,1.0,1.0
2.0,43.71,48.0,11000.0,4600.0,60.0,1.0,1.0
2.0,47.04,19.0,24000.0,4600.0,51.0,1.0,1.0
2.0,38.29,55.0,24000.0,11000.0,71.86499211475736,1.0,1.0
4.22,12.54,15.8,19180.0,15760.0,49.3,1.0,1.0
2.0,16.66340530967731,10.0,24000.0,24000.0,61.0,1.0,1.0
2.0,52.88,23.0,1200.0,390.0,29.9,0.9173107232566058,1.0
17.28989288132609,45.79,15.0,230.0,90.0,68.87607177177303,1.0,1.3731121063444618
2.57,72.04,24.0,930.0,230.0,48.0,1.0,1.0
43.471894639666175,85.38,17.0,24000.0,24000.0,40.2,1.0552703654171656,1.9583615005066273
7.67,69.54,282.9197061491299,4600.0,27256.782019887964,70.82488583418454,1.0,1.0
26.0,98.71,392.5,24000.0,24000.0,67.57503867922654,1.0,1.0
17.0,74.54,167.0,-752276.6392417941,24000.0,45.2,1.0,1.0
2.14,70.79,43.0,2400.0,750.0,71.5119484490031,1.0,3.3117648594624187
22.0,80.38,17.0,24000.0,24000.0,29.5,1.0,1.0
26.0,84.13,10.0,24000.0,24000.0,67.55321052855982,1.0,1.0
2.57,49.13,15.0,24000.0,24000.0,67.1,1.0,2.39625011735929
2.0,24.13,10.0,24000.0,24000.0,89.2,1.0,1.0
2.0,36.63,192.62473399421896,24000.0,24000.0,94.9,1.0,1.0
2.0,30.79,10.0,24000.0,24000.0,93.6,1.0,1.370139323645249
38.0,89.13,21.0,24000.0,24000.0,26.3,1.0,1.0
2.0,18.89049757781747,11.0,640.0,210.0,71.70985919548554,1.0,1.0
12.67,56.21,10.0,3.0,3.0,29.9,1.0,1.0
2.0,25.38,338.8011617230884,11000.0,2100.0,39.9,1.0,1.0
2.83,32.46,14.0,24000.0,24000.0,69.6,1.0,1.0
2.0,32.46,10.0,150.0,90.0,96.9,1.0,1.0
2.0,30.79,10.0,2400.0,150.0,96.7,1.0,1.0
2.0,33.29,10.0,390.0,150.0,98.0,1.0,1.0
2.0,35.38,10.0,230.0,90.0,97.1,1.0,1.0
2.0,35.38,10.0,390.0,90.0,96.4,1.0,1.0
2.0,29.96,10.0,11000.0,2400.0,57.5,1.0,1.0
2.0,13.24,10.0,240.0,93.0,56.2,1.0,1.0
4.38,58.69,14.8,24196.0,3.0,81.3,2.09,1.0
4.67,48.29,67.0,24000.0,24000.0,68.2,1.0,1.0
2.0,17.678331506414274,80.8,-608414.5402830951,1146.0,83.2,1.0,1.0
3.06,10.0,10.6,12033.0,74671.09775973737,59.6,1.0,1.0
21.248447987267063,17.56,22.8,-2454189.2187540764,689.0,31.5,1.0,1.0
2.0,29.54,10.0,1500.0,70.0,77.0,1.0,1.0
2.0,44.95,10.0,2400.0,2400.0,73.0,1.0,1.0
2.0,23.4,22.0,2400.0,2400.0,86.0,1.0,1.0662831863764404
2.0,21.019631711382488,30.0,2400.0,2400.0,86.0,1.0,1.0
2.0,20.8277928467214,19.0,21.0,7.0,85.0,0.9938189016452934,1.0
2.0,69.81,13.0,2400.0,2400.0,72.43300900031842,1.0,1.0
2.0,18.874803325180437,10.0,2400.0,2400.0,72.0,1.0,1.0
2.0,54.31,10.0,2400.0,210.0,59.0,1.0,2.6902011011079425
2.0,10.0,10.0,2400.0,2400.0,89.0,1.0,1.0
2.0,10.0,19.0,-491982.1566896355,2400.0,90.0,1.0122361264743063,1.0
2.0,10.0,20.0,150.0,150.0,89.0,1.0,1.0
81.22003696018348,181.615,108.45,1221898.0,1221898.0,27.5,1.3352668722048642,4.63
8.78,27.09226902479655,24.8,24196.0,24196.0,70.1733675379775,1.0,1.0
32.4,94.67,23.5,24196.0,42494.74424003807,52.2,1.0,1.0
38.9,132.97,155.6,24196.0,24196.0,65.59731530689311,1.0,1.0
76.5,228.08,220.7,241960.0,241960.0,11.0,1.0,9.62
9.8,21.71876102163681,36.4,24196.0,24196.0,25.4,1.0,1.0
46.5,116.05,147.1,24196.0,24196.0,10.5,1.0,1.0
21.3,42.54,301.6,241960.0,241960.0,79.4,1.080681848110415,1.0
4.85,27.547029605477626,314.85,14612.5,4461.5,100.95,1.0,1.0
19.67,36.64,272.5359777935878,24196.0,24196.0,57.7,1.0099079623460248,1.0
7.14,21.2,47.7,19863.0,17329.0,84.7,1.0,1.0
9.12,15.26,128.4,24196.0,19863.0,86.8,1.0,1.0
6.65,49.975,670.0,10280.0,4810.0,101.55,1.0,1.0
2.0,23.74,56.5,24196.0,24196.0,48.6,1.0,1.0
12.7,43.3299779896213,3919.0,36540.0,18420.0,98.0,1.0,1.0
16.4,80.74,953.2,241960.0,241960.0,40.3,1.0135862150190578,1.0
2.0,10.0,76.2,24196.0,-3449.6639335193613,103.0,1.0,1.0
8.5,25.845950441741962,250.63066807836776,64880.0,54750.0,66.7,1.0,1.0
12.7,36.72,264.9,15531.0,6867.0,96.1,1.0,1.0
14.0,49.46,377.3,241960.0,241960.0,66.70153471991074,1.0,1.0
11.4,24.96,70.8,32550.0,16070.0,35.6,1.0,1.0
12.9,37.08,159.7,173290.0,155310.0,68.37825452789816,1.0262741525588823,1.0
10.6,54.51,95.9,36540.0,15150.0,46.7,1.0,1.0
15.3,30.82,146.8,198630.0,104620.0,68.04327754366858,1.0,1.0
149.95584595975117,49.845,170.95,133078.0,98743.0,60.6,2.54,1.0
13.1,47.08,214.4025981412433,-1098006.1356425192,24196.0,69.5,1.0,3.45
46.5,68.44,53.6,24196.0,24196.0,11.0,1.0,4.08
16.4,50.41,11.7,24196.0,24196.0,11.0,1.0,2.1828151104533084
6.2,31.18,10.0,7270.0,7270.0,14.2,1.0,1.0
2.0,10.87,148.57926199225494,305.0,226.0,102.7,1.0,1.0
2.0,10.0,47.2,-1445846.9567650426,538.0,69.38514992133398,1.0,1.0
2.0,11.7,23.9,228464.87273041066,171.0,101.6,1.0,1.0
-9.510168802514418,10.0,24.6,95708.84284676053,663.0,108.9,1.0,1.0
2.0,10.0,151.02921306611142,9804.0,-1722.5402891720005,101.6,1.0,1.0
2.0,10.0,18.5,17329.0,1124.0,71.75260648297879,1.0,0.583130833625628
3.1009881556799783,10.0,21.4,19863.0,211.0,88.9,1.0,0.3690425001206772
2.0,10.0,22.5,2909.0,241.0,103.3,1.0,0.3068714622267188
-9.310853085202677,10.0,18.6,857.0,20.0,107.9,1.0,1.0
2.0,10.0,14.2,6131.0,148.0,71.58620352381955,1.0,1.0
2.0,10.0,10.0,2909.0,41.0,105.1,1.0,1.0
2.0,10.0,33.4,3448.0,246.0,71.73559656216166,1.0,0.5842357122794963
2.4,10.0,85.7,24196.0,24196.0,99.4,1.0,1.0
2.0,10.0,10.0,1523104.644260229,3.0,132.4,1.0,1.63
5.26,20.26,75.4,20.0,10.0,91.3,2.51,1.0
2.0,10.0,31.5,2247.0,110.0,102.7,1.0,1.0
5.8,10.0,169.9,2755.0,-9425.264369095501,104.8,1.0,1.0
5.3,21.63,139.7,3076.0,13586.926164673845,89.7,1.0,1.0
9.4,12.78,3198.0,24196.0,6131.0,92.8,1.0,1.0
12.2,79.13,1559.0,30760.0,3640.0,95.5,1.038743005595312,2.7819005729592163
2.0,233.79,7766.7,24196.0,17329.0,90.6,1.0,1.0
7.9891557829922775,10.0,48.1,2142.0,460.0,70.35182822698962,1.0,1.0
2.0,10.0,31.9,2359.0,657.0,89.9,1.0,1.0
14.504708500016271,10.92,10.0,7270.0,404.0,56.9,1.0,1.0
11.2,29.25984910742917,282.68237329838666,24196.0,5475.0,56.5,1.0,1.0
8.1,10.0,205.8906392831039,1236.0,38293.77969781312,78.0,1.0,1.0
8.6,34.083241553619935,50.0,2382.0,3.0,70.46622589125705,1.0,1.3110691935920225
2.0,10.0,21.6,-2758938.9261814654,3.0,43.9,1.0,1.0
7.4,10.0,16.7,1274.0,10.0,42.8,1.0,1.0
5.528743536419071,28.42,23.6,1956.0,3.0,87.7,1.0,1.0
2.0,12.42,805.0,5860.0,1220.0,104.1,1.0,1.0
8.9,18.39,45.3,2046.0,10.0,92.1,1.0234748322247549,1.0
2.0,10.0,10.0,581.0,3.0,121.3,1.045314013922786,1.0
23.3,111.69,31.2,24196.0,1354.0,30.2,1.0,1.0
8.0,41.59,258.0,1408750.825159117,1100.0,110.2,1.0,1.0
2.0,32.21,110.9,6488.0,44324.95441573067,71.28030586958273,1.0,1.0
154.25,362.69,21.1,241960.0,241960.0,10.0,1.0,10.87
11.5,49.72,42.7,15970.0,3310.0,68.3,1.0,1.0
2.0,11.7,10.0,3076.0,10.0,152.7,1.0909624030953093,1.0
6.0,28.42,385.0,27550.0,1340.0,97.5,1.0,1.0
2.0,10.0,10.0,1793.0,22971.05825612208,84.2,0.9968154541244221,0.524508269304349
15.7,19.32,31.2,2359.0,84.0,108.4,1.0,1.0
18.0,20.26,31.6,987700.3659346085,63.0,111.8,1.05443662023141,1.0
2.0,17.56,48.6,6488.0,318.0,150.8,1.0,1.0
2.0,10.0,13.8,17329.0,52.0,96.8,1.0,1.0
104.5,195.33,96.2,241960.0,241960.0,21.1,1.0,1.0
130.0,205.95,142.5,24196.0,24196.0,73.5,1.0,1.0
199.25,271.28,119.9852795257732,2419600.0,2419600.0,10.0,1.8478327851044485,2.78
22.932300369157446,139.97,93.8,24196.0,24196.0,122.2,1.0,1.0
81.0,127.45751523096696,156.5,24196.0,24196.0,96.7,1.0,1.0
26.3,73.05,409.19305921876486,24196.0,24196.0,18.1,1.0,1.0
95.5,179.28,169.8330415434662,2419600.0,2419600.0,25.858531521862353,1.0,2.82
114.5,206.26,110.0,241960.0,241960.0,10.0,1.0,1.0
4.16,27.29783104013297,18.5,24196.0,20.0,107.5,1.0,1.0
-2.15416121813972,79.64,45.1,19863.0,132.0,108.1,1.0146705574322867,3.6079059594952314
2.0,10.0,26.4,24196.0,15531.0,71.5,1.0,1.0
2.0,10.0,43.5,-1161338.3820500877,24196.0,69.50633818862137,1.0,1.0
3.54,10.0,18.7,6867.0,717.0,135.9,1.0,1.0
8.1,35.03,30.8,24196.0,24196.0,88.2,1.0211177134536622,1.0
15.8,34.92,42.4,272925.0608779639,4611.0,90.4,1.0367166002458212,1.0
3.32,10.0,54.1219263601248,15531.0,441.0,135.3,1.0,1.0
2.0,17.39,127.05364341933569,24196.0,232.0,112.5,1.0,1.0
2.0,10.0,14.9,9208.0,3.0,92.3,1.0,1.0
2.0,10.0,66.0,24196.0,650.0,85.2,1.0,0.45838327347270424
2.0,15.96,11.5,75.0,3.0,138.1,1.0703076922502903,1.0
7.5,10.92,275.91727948999954,22470.0,630.0,54.8,1.0,1.0
10.2,13.44,130.6,-1620027.186897928,3110.0,56.5,1.0,0.8639755724940283
10.5,13.44,53.1,4260.0,520.0,53.8,1.0,1.0
10.3,13.31,215.39690299943578,4611.0,594.0,75.7,1.0,1.0
10.0,14.14,113.1,5794.0,767.0,70.5,1.0,1.0
86.5,118.18,84.7,24196.0,145.0,74.6,1.0,1.0
4.1,11.82,10.0,4106.0,462.0,29.2,1.0,1.0
27.48356199240756,34.15,10.0,17329.0,2014.0,43.9,1.0,1.0
4.24,10.0,18.4,7270.0,1616.0,59.5,1.0,1.0
-9.947384182575682,10.0,10.0,3255.0,399.0,109.3,1.0,1.0
2.0,10.0,10.0,1607.0,98.0,107.2,1.0,1.0
2.0,10.0,10.0,2481.0,52.0,71.58415011613559,1.0,1.0
2.0,12.66,10.0,3255.0,211.0,46.4,1.0,1.0
14.2,25.08,17.4,3076.0,754.0,68.1,1.0,1.0
6.5,10.08,232.05512131105348,22470.0,520.0,70.58985979786786,1.0,1.0
91.0,128.67,216.0,24196.0,24196.0,27.2,1.0,35.71
97.0,116.46,151.0,24196.0,24196.0,26.1,1.0,9.09
2.0,10.0,10.0,727.0,134.0,77.7,1.0,1.0
2.0,10.0,10.0,2752.0,120.0,65.7,1.0,1.0
2.0,10.0,12.4,8164.0,62713.82416786408,66.3,1.0,1.0
2.0,10.0,41.1,2359.0,520.0,81.3,1.0,1.0
11.3,14.21,114.1,19863.0,1014.0,69.73234427011458,1.0,1.0
2.0,10.0,15.8,5172.0,2723.0,120.7,1.0,1.0
2.0,10.0,10.5,2613.0,20.0,119.8,1.0,1.0
-8.353407920313334,10.696865235255054,230.2,15531.0,471.0,106.1,1.0,1.0
7.1,10.0,801.0,528.0,-32018.025362700064,116.2,1.0,1.0
4.62,12.42,10.0,2613.0,86.0,99.3,1.0,1.0
3.0203035106917326,13.25,17.8,12033.0,30942.829282736086,82.9,1.0,1.0
4.56,14.14,12.0,24196.0,19863.0,93.4,1.0,1.0
2.0,12.48,22.0,63.0,20.0,91.1,1.0,1.0
2.0,10.0,174.2,-578286.8775104927,520.0,86.3,1.0,1.0
4.32,15.81,28.8,24196.0,142.0,90.8,1.0,1.0
-6.2616555285122715,26.04,448.8,24196.0,2247.0,111.3,1.0,1.0
2.0,23.52,450.0,24196.0,8164.0,104.8,1.0,0.8815092550247383
2.0,10.0,13.9,3654.0,295.0,96.1,1.0,1.0
2.0,10.0,18.7,2014.0,288.0,71.57592107801503,1.0,1.0
8.041910405379234,10.0,10.0,24196.0,24196.0,70.07762964313223,1.0,1.0
2.0,22.44857273862408,10.0,24196.0,24196.0,99.4,1.0,1.0
2.0,10.0,10.0,24196.0,41.0,95.7,1.0,1.0
2.0,25.2,21.7,1872.0,20.0,107.0,1.026282900744359,0.9388917189313823
2.0,10.92,20.3,3654.0,122.0,103.8,1.0,1.0
2.0,12.6,35.4,15531.0,2909.0,110.0,1.0,1.0
2.0,22.68,49.3,-1198294.4471913474,2143.0,69.92127558314765,1.0,1.0
5.0,71.77,568.0,81640.0,9330.0,101.1,1.0,2.8953054655590056
2.0,25.08,515.0,57940.0,7230.0,95.5,1.0,1.0
4.8,10.0,50.5,2613.0,359.0,89.0,1.0,1.0
2.0,10.0,158.0,7270.0,1124.0,104.2,1.0,1.0
2.0,10.0,150.5,24196.0,3076.0,71.50541964327803,1.0,1.0
6.6,16.88,211.8,173290.0,61310.0,100.9,1.0,0.4462349716522793
4.5,10.0,176.3,34480.0,1680.0,102.0,1.023839079534915,1.0
2.0,10.0,136.43504182937647,24196.0,1296.0,106.7,1.0,1.0
2.0,10.0,10.0,2909.0,177.0,71.58312653485278,1.0,1.0
11.9,15.81,140.7572731677239,3255.0,2046.0,102.2,1.0,1.0
10.9,36.6763566120252,482.0,1553.0,-18077.562653944784,102.1,1.0,1.0
8.6,10.82,182.82880904458068,2481.0,798.0,93.2,1.0,0.0571187516912961
7.9,35.05652268916968,3615.0,3873.0,203.0,86.3,1.0,1.0
37.36391759375627,73.29,214.5,24000.0,24000.0,47.4,1.0,1.0
10.0,103.29,1778.9,24000.0,24000.0,70.16751074623528,1.0,1.0
10.33,107.88,372.41208237017,24000.0,24000.0,50.8,0.9806101887049422,1.0
8.67,92.46,3393.3,24000.0,24000.0,48.9,1.0,1.0
10.67,35.111704150826895,4700.0,24000.0,24000.0,54.2,1.0,1.0
4.29,70.38,103.0,750.0,61793.13936172408,68.3,1.0,3.321879804273378
4.46,72.04,94.0,4600.0,930.0,65.9,1.0,3.2850629599445558
27.020004367669017,68.29,58.0,24000.0,28924.40860305028,66.7,1.0,1.0
53.33,124.54,57.9,210.0,150.0,10.0,1.0423071108098496,1.0
2.0,63.71,52.0,24000.0,31151.908967524767,71.97622686279877,1.0,1.0
80.10510374568129,167.94,24.0,24000.0,24000.0,16.5,1.0,1.0
5.17,59.13,269.95349474047566,1500.0,930.0,74.1,0.9910278112798854,1.0
4.33,55.38,163.3,24000.0,24000.0,61.8,1.0,1.0
6.0,67.46,151.1,24000.0,11000.0,63.1,1.0,1.0
14.67,127.04,336.0,24000.0,24000.0,40.2,1.0,1.0
16.67,106.21,536.7,750.0,230.0,28.4,1.0,1.0
5.0,15.910991904094665,47.8,24000.0,24000.0,29.1,1.0,1.0
30.0,117.46,424.0,930.0,430.0,10.0,1.0,4.381597564020228
8.8,32.53469473528547,659.5,18600.0,1210.0,94.5,1.0,1.0
0.7705309438640668,11.7,10.0,8164.0,3.0,87.2,1.0,1.0
10.0,10.0,39.0,24196.0,24196.0,62.3,1.0,1.0
2.0,15.88,10.0,17329.0,31.0,87.8,1.0,1.0
2.0,14.21,10.0,11199.0,52660.14574178247,70.96184357548849,1.0,1.0
2.0,12.54,10.0,2909.0,41.0,85.2,1.0,1.0
2.0,10.87,190.90618933379272,3255.0,24109.40665568065,87.0,1.0,1.0
16.0,19.32,45.2,24196.0,24196.0,75.7,1.0,1.0
16.9,39.05863020707754,32.7,24196.0,15531.0,76.0,1.0,1.0
16.8,19.32,31.9,24196.0,12033.0,86.4,1.0,1.0
15.5,40.052765229904125,188.7081896536049,24196.0,6131.0,91.3,1.0,1.0
4.72,25.78914855200118,27.5,12033.0,278.0,92.9,1.0,1.0
17.6,20.16,25.4,11199.0,771.0,94.7,1.0,1.0
2.0,67.46,260.0,24000.0,35546.294822586206,68.5,1.0,1.0
2.0,24.27,94.0,24000.0,2100.0,62.3,1.0,1.0
2.0,65.79,251.2,24000.0,43160.07664567165,64.7,1.0,1.0
2.0,32.88,84.0,24000.0,4600.0,61.7,0.961502529968974,1.0
2.0,35.38,80.0,-1725382.5697884075,-17430.701194433743,60.2,1.0,1.0
37.76891046664599,81.63,486.7,445185.52712624986,1500.0,54.4,1.0,1.0
17.0,86.63,646.2,24000.0,24000.0,57.6,1.0,1.0
14.5,25.36322679293169,143.7,-1325347.463712993,24000.0,51.3,1.0,1.0
17.5,77.46,225.0,24000.0,1500.0,65.2,1.0,1.0
2.0,10.0,10.0,93.0,43.0,88.0,1.0,1.0
8.87,42.87,28.0,2400.0,1100.0,48.0,1.0,1.0
12.23,24.9938175075158,10.0,2400.0,1100.0,22.0,1.0,1.0
20.63,33.73,13.0,2400.0,11.0,67.0,1.0,1.0
20.8,49.57,34.0,2400.0,101215.58448162701,32.0,1.0,1.0
17.2,38.77,13.0,2400.0,2400.0,68.91175500668392,1.0,1.0
43.96929339773108,38.63,10.0,2400.0,210.0,11.0,1.0,1.0
11.97,29.18,393.2093246706372,2400.0,75.0,17.0,1.0,1.0
2.0,26.77,10.0,2400.0,2400.0,40.0,1.0,1.0
21.4,37.51,10.0,865675.6631299704,70215.68421314991,74.0,1.0,1.0
9.73,59.98,232.3411747405858,2400.0,2400.0,85.0,1.0201955289957467,1.0
5.93,85.86,107.0,2400.0,2400.0,90.0,1.0,1.0
2.0,10.0,10.0,2400.0,2400.0,86.0,1.0,1.0
12.17,86.62,32.0,2400.0,460.0,66.0,1.0,1.0
2.0,22.493667787528665,10.0,2400.0,2400.0,96.0,1.0,1.0
2.0,10.0,10.0,2400.0,2400.0,94.0,1.0,1.0
2.0,32.64,10.0,2400.0,2400.0,71.64573387484376,1.0,1.6090514371302362
2.0,10.0,10.0,-674742.6333920918,2400.0,84.0,1.0,1.0
2.0,10.0,217.32035993427002,2400.0,460.0,78.0,1.0,1.0
1.9883690566038794,12.49,38.0,2400.0,240.0,85.0,1.0,1.0
2.0,41.05,44.0,1100.0,210.0,86.0,1.0,1.0
4.1,47.13,40.0,482084.2871328648,34399.02905762338,86.0,1.0,1.0
3.4844438915643607,19.01,29.0,1100.0,150.0,86.0,1.0,1.0
2.05,36.71,30.0,2400.0,2400.0,87.0,0.997265983885503,1.6543553154604032
2.05,10.0,28.0,2400.0,28359.84579531406,85.0,1.0,1.0
3.73,10.0,10.0,43.0,43.0,78.0,1.0,1.0
2.65,21.756373289717388,10.0,210.0,210.0,85.0,1.0,1.0
2.05,16.799236130500113,10.0,150.0,48150.218679037,69.0,0.9790350327383184,1.0
2.0,43.56,10.0,2400.0,2400.0,91.0,1.0,1.0
15.03983128161785,52.69,84.0,707102.2796134222,2400.0,87.0,1.0,1.0
2.61,39.48,100.0,1100.0,1100.0,87.0,1.0,1.7387492618136704
2.0,10.0,10.0,794.0,52.0,28.3,1.0,1.0
12.431456971482767,26.0,10.0,11000.0,2100.0,71.2,1.0,1.0
2.0,10.14,10.0,230.0,90.0,88.8,1.0,1.0
7.201820812521817,10.0,10.0,11000.0,4600.0,72.1,1.0,1.0
2.0,32.69,12.8,-2077594.2965352265,82.5,50.15,1.0,1.0
2.02,40.87,10.0,10830.5,2504.0,15.6,1.0,1.0
9.6,49.72,10.0,24196.0,12141.0,14.05,1.0,1.0
2.0,15.13550655392379,20.7,1122.0,63.0,46.65,1.0,1.0
37.44,42.11,42.0,28.0,7.0,64.89513958079347,1.0,1.0
3173.5247614195737,6428.048071893753,157.15,480420980.0,19505980.0,10.0,2.63,25.64
3.12,10.0,156.49665224469436,88.0,21.0,97.8,1.0,1.2
2.0,10.0,10.0,546.5,161.0,96.5,1.0,1.0
80.5,266.75,147.6,241960.0,241960.0,10.0,1.0,1.0
2.0,10.0,14.3,148.0,63.0,100.7,1.0,1.0
2.0,10.0,28.6,4611.0,3448.0,85.6,1.0,1.0
6.72,65.03,26.0,309.0,259.0,91.8,1.0,1.0
4.4,15.73,10.0,24196.0,1842.0,79.6,1.0,1.0
