DQO_mg/L,TOX_V_15_UT,E_COLI_NMP_100mL,TOX_D_48_UT
10.0,1.0,41.0,1.0
10.0,1.0,98.0,1.0
10.0,1.0,20.0,1.0
10.0,1.0,3.0,1.0
10.0,1.0,3.0,1.0
10.0,1.0,3.0,1.0
49.13,1.0,10.0,1.0
10.0,1.0,638.0,1.0
26.29,1.0,226.0,1.0
10.0,1.0,313.0,1.0
10.0,1.0,116.0,1.0
12.42,1.0,512.0,1.0
10.0,1.0,561.0,1.0
22.45,1.0,150.0,1.0
23.42,1.0,1100.0,1.0
24.4,1.0,75.0,1.0
19.52,1.0,1100.0,1.0
21.47,1.0,120.0,1.0
24.4,1.0,43.0,1.0
68.0,1.0,24196.0,1.0
10.0,1.0,61.0,1.0
27.52,1.0,24196.0,1.0
31.26,1.03,24196.0,4.83
19.78,1.0,75.0,1.0
14.62,1.0,41.0,1.0
10.0,1.0,10.0,1.0
73.13,1.0,3448.0,1.0
10.0,1.0,20.0,1.0
10.0,1.0,52.0,1.0
10.0,1.0,20.0,1.0
10.0,1.0,324.0,1.0
10.0,1.0,520.0,1.0
10.0,1.0,259.0,1.0
10.0,1.0,20.0,1.0
10.0,1.0,20.0,1.0
10.0,1.0,84.0,1.0
10.0,1.0,10.0,1.0
10.0,1.0,10.0,1.0
209.33,1.53,24196.0,1.48
10.0,1.0,20.0,1.0
10.0,1.0,175.0,1.0
10.82,1.0,1266.0,1.0
10.0,1.0,279.0,1.0
10.0,1.0,144.0,1.0
22.57,1.0,20.0,1.0
10.0,1.0,3.0,1.0
10.0,1.0,10.0,1.0
10.0,1.0,5630.0,1.0
25.79,1.0,1785.0,1.0
10.0,1.0,305.0,1.0
14.21,1.0,309.0,1.0
23.41,1.0,24196.0,1.0
26.75,1.0,185.0,1.0
10.0,1.0,189.0,1.0
10.0,1.0,1182.0,1.0
10.0,1.0,6510.0,1.0
13.38,1.0,934.0,1.0
13.38,1.0,3130.0,1.0
10.0,1.0,110.0,1.0
29.26,1.0,295.0,1.0
12.54,1.0,318.0,1.0
10.0,1.0,3.0,1.0
10.0,1.4,3.0,2.24
18.39,1.0,24196.0,1.0
10.0,1.0,14136.0,1.0
42.72,1.0,359.0,1.0
36.21,1.0,771.0,1.0
239.25,5.03,24196.0,1.0
195.85,3.98,24196.0,1.44
10.0,1.0,24196.0,1.0
384.25,32.26,2419600.0,2.02
240.0,1.0,2419600.0,1.0
116.22,8.2,2400.0,1.21
264.41,7.63,2419600.0,1.0
146.9,2.54,241960.0,1.0
141.42,5.15,1100.0,1.2
120.33,5.88,240.0,1.28
32.64,1.0,460.0,1.0
93.48,4.88,460.0,1.18
70.08,1.0,1100.0,1.0
70.56,1.0,460.0,1.0
74.88,1.0,2400.0,1.0
75.36,1.0,1100.0,1.0
54.51,1.0,24196.0,1.0
51.36,1.0,460.0,1.0
83.61,1.0,2400.0,1.0
67.2,1.0,2400.0,1.0
101.15,1.0,2400.0,1.0
55.68,1.0,2400.0,1.0
44.08,1.0,5172.0,1.0
27.36,1.0,7.0,1.0
88.44,1.0,241960.0,1.0
132.93,1.0,28.0,1.0
24.13,1.0,120.0,1.0
30.16,1.0,9.0,1.0
70.99,1.0,240.0,1.0
72.38,1.0,460.0,1.0
15.05,1.0,464.0,1.0
67.15,1.0,1732900.0,1.0
57.15,1.0,155300.0,1.0
98.18,1.0,241960.0,1.0
69.03,1.0,24196.0,1.0
72.97,1.0,24196.0,1.0
77.33,1.0,48840.0,1.0
341.79,1.96,517200.0,1.0
149.21,1.0,270000.0,1.0
146.38,1.65,241960.0,1.0
145.36,1.48,241960.0,1.0
78.62,1.0,95900.0,1.0
317.44,1.14,24196.0,1.0
388.72,7.69,1413600.0,1.0
1190.0,100.0,2419600.0,1.0
3253.75,15.38,241960.0,2.49
931.5,1.0,2419600.0,1.0
152.26,1.0,2419600.0,2.55
1731.5,31.25,241960.0,2.55
466.75,2.16,2419600.0,1.0
726.75,24.39,2419600.0,3.98
24.24,1.0,24196.0,1.0
196.87,5.81,35500.0,1.0
197.38,1.68,115300.0,1.0
26.04,1.0,2419600.0,1.0
66.82,1.0,4570.0,1.0
96.72,1.0,13330.0,1.0
28.29,1.0,794.0,1.0
36.13,1.0,9804.0,1.0
11.65,1.0,12997.0,1.0
12.66,1.0,24196.0,1.0
10.0,1.0,24196.0,1.0
26.16,1.0,41.0,1.0
19.14,1.0,3076.0,1.0
31.44,1.0,24196.0,1.0
12.48,1.0,15531.0,1.0
17.47,1.0,422.0,1.0
16.64,1.0,3873.0,1.0
28.42,1.0,1990.0,1.0
88.44,1.0,683.0,1.0
27.59,1.0,111990.0,1.0
10.0,1.0,292.0,1.0
22.88,1.0,210.0,1.0
17.88,1.0,750.0,1.0
28.71,1.0,90.0,1.0
43.71,1.0,24000.0,1.0
29.54,1.0,1500.0,1.0
32.88,1.0,2400.0,1.0
24.96,1.0,11000.0,1.0
38.29,1.0,4600.0,1.0
28.29,1.0,24000.0,1.0
23.71,1.0,24000.0,1.0
39.13,1.0,430.0,1.0
77.46,1.0,24000.0,1.0
39.13,1.0,24000.0,1.0
40.38,1.0,24000.0,1.0
38.71,1.0,24000.0,1.0
43.29,1.0,24000.0,1.0
52.04,1.0,24000.0,1.0
15.79,1.0,24000.0,1.0
13.71,1.0,24000.0,1.0
13.29,1.0,24000.0,1.0
45.38,1.0,90.0,1.0
48.71,1.0,430.0,1.0
45.79,1.0,4600.0,1.0
13.71,1.0,930.0,1.0
18.29,1.0,4600.0,1.0
16.63,1.0,2400.0,1.0
30.79,1.0,4600.0,1.0
36.63,1.0,24000.0,1.0
31.21,1.0,24000.0,1.0
40.38,1.0,24000.0,1.0
303.32,1.0,2400.0,1.0
40.94,1.0,460.0,1.0
17.14,1.0,460.0,1.0
163.39,1.0,2400.0,1.0
30.01,1.0,1100.0,1.0
47.67,1.0,11199.0,1.0
34.27,1.0,2400.0,1.0
61.88,1.0,1100.0,1.0
22.26,1.0,240.0,1.0
25.17,1.0,460.0,1.0
10.0,1.0,3.0,1.0
10.0,1.0,3.0,1.0
10.0,1.0,41.0,1.0
10.0,1.0,3.0,1.0
10.0,1.0,10.0,1.0
387.44,2.2,24196.0,1.0
26.21,1.0,210.0,1.0
11.7,1.0,262.0,1.0
10.0,1.0,9804.0,1.0
45.79,1.0,4600.0,1.0
41.21,1.0,30.0,1.0
39.13,1.0,11000.0,1.0
24.54,1.0,2100.0,1.0
26.21,1.0,3.0,1.0
29.96,1.0,3.0,1.0
27.04,1.0,90.0,1.0
28.29,1.0,40.0,1.0
29.54,1.0,90.0,1.0
16.63,1.0,40.0,1.0
19.96,1.0,90.0,1.0
18.29,1.0,230.0,1.0
29.96,1.0,2400.0,1.0
32.04,1.0,3.0,1.0
34.54,1.0,90.0,1.0
28.71,1.0,430.0,1.0
29.54,1.0,230.0,1.0
43.29,1.0,24000.0,1.0
42.03,1.0,199.0,1.0
18.39,1.0,12033.0,1.0
56.31,1.0,8200.0,1.0
53.23,1.0,19040.0,1.0
63.23,1.0,10860.0,1.0
26.75,1.0,193290.0,1.0
68.87,1.0,15531.0,1.0
48.62,1.0,9600.0,1.0
72.62,1.0,64880.0,1.0
48.51,1.0,24196.0,1.0
37.33,1.0,2187.0,1.0
21.74,1.0,373.0,1.0
110.15,1.0,141360.0,1.0
19.23,1.0,1600.0,1.0
64.77,1.0,2560.0,1.0
19.23,1.0,2690.0,1.0
10.0,1.0,4080.0,1.0
10.0,1.0,813.0,1.0
10.0,1.0,63.0,1.0
41.44,1.0,8664.0,1.0
51.51,1.0,6131.0,1.0
21.84,1.0,24196.0,1.0
35.18,1.0,14136.0,1.0
111.38,1.0,14210.0,1.0
56.72,1.0,57600.0,1.0
10.0,1.0,51.0,1.0
74.0,1.0,241960.0,1.0
55.95,1.0,24196.0,1.0
23.74,1.0,24196.0,1.0
22.9,1.0,24196.0,1.0
11.87,1.0,24196.0,1.0
10.18,1.0,1250.0,1.0
12.72,1.0,512.0,1.0
55.62,1.0,15531.0,1.0
10.0,1.0,216.0,1.0
10.0,1.0,160.0,1.0
10.0,1.0,131.0,1.0
10.0,1.0,119.0,1.0
10.0,1.0,278.0,1.0
10.0,1.0,489.0,1.0
36.21,1.0,62.0,1.0
10.0,1.0,41.0,1.0
10.0,1.0,31.0,1.0
10.0,1.0,63.0,1.0
13.44,1.0,1550.0,1.0
14.28,1.0,2500.0,1.0
10.0,1.0,3.0,1.0
10.0,1.0,41.0,1.0
12.6,1.0,171.0,1.0
10.0,1.0,31.0,1.0
10.0,1.0,41.0,1.0
10.0,1.0,609.0,1.0
13.44,1.0,987.0,1.0
10.0,1.0,17260.0,1.0
10.0,1.0,2400.0,1.0
16.8,1.0,6867.0,1.0
10.0,1.0,5172.0,1.0
13.44,1.0,3076.0,1.0
20.16,1.0,315.0,1.0
10.0,1.0,1029.0,1.0
11.65,1.0,8690.0,1.0
10.0,1.0,2809.0,1.0
10.0,1.0,6330.0,1.0
10.0,1.0,160.0,1.0
16.8,1.0,10710.0,1.0
29.4,1.0,17329.0,1.0
10.92,1.0,10462.0,1.0
10.0,1.0,226.0,1.0
10.0,1.0,216.0,1.0
12.6,1.0,262.0,1.0
16.8,1.0,100.0,1.0
12.6,1.0,750.0,1.0
13.44,1.0,520.0,1.0
18.48,1.0,7890.0,1.0
10.0,1.0,298.0,1.0
95.79,1.0,2100.0,1.0
259.37,28.57,24000.0,1.19
382.23,90.91,24000.0,1.77
711.44,12.82,24000.0,1.63
790.8,25.0,24000.0,1.86
1284.46,37.04,24000.0,1.27
822.23,8.13,24000.0,2.66
133.29,1.0,1500.0,1.0
1027.31,25.64,24000.0,2.75
590.8,20.0,24000.0,1.28
202.23,8.2,24000.0,1.0
500.03,1.38,930.0,5.38
167.94,1.0,110.0,1.0
89.13,1.0,24000.0,1.0
272.635,10.31,2100.0,1.0
31.63,1.0,2400.0,1.0
38.71,1.0,4600.0,1.0
39.96,1.0,2100.0,1.0
45.79,1.0,2400.0,1.0
35.79,1.0,1500.0,1.0
78.29,1.0,24000.0,1.0
94.54,1.0,1500.0,1.0
62.46,1.0,1500.0,1.0
83.71,1.0,2100.0,1.0
165.09,1.0,2400.0,1.0
114.96,1.0,24000.0,1.0
128.71,1.0,24000.0,1.0
85.79,1.0,2100.0,1.0
601.86,2.47,11000.0,1.0
890.8,19.61,24000.0,1.76
186.345,1.0,24000.0,1.0
405.08,11.9,24000.0,1.08
96.63,1.0,24000.0,1.0
796.51,12.5,24000.0,1.0
696.51,23.26,24000.0,1.0
166.39,1.0,24000.0,1.0
100.38,1.0,24000.0,1.0
190.8,1.46,24000.0,1.0
93.71,1.0,24000.0,1.0
377.94,1.0,24000.0,1.0
196.51,1.13,930.0,1.0
165.09,1.0,1500.0,1.0
101.21,1.0,24000.0,1.0
73.29,1.0,2400.0,1.0
265.08,6.37,24000.0,1.0
34.13,1.0,24000.0,1.0
725.09,11.9,230.0,1.0
5200.0,15.63,2419600.0,1.92
7900.0,2.1,241960.0,1.0
360.0,6.41,32550.0,1.0
10.0,1.0,3.0,1.0
10.0,1.0,455.0,1.0
24.96,1.0,3.0,1.0
130.46,1.0,4.0,1.0
53.79,1.0,23.0,1.0
38.56,1.0,4.0,1.0
36.65,1.0,7.0,1.0
142.52,1.0,4.0,1.0
36.65,1.0,20.0,1.0
38.56,1.0,43.0,1.0
10.0,1.0,2400.0,1.0
16.66,1.0,1100.0,1.0
37.04,1.0,24000.0,1.0
10.0,1.0,2400.0,1.0
19.96,1.0,210.0,1.0
10.0,1.0,2400.0,1.0
22.04,1.0,930.0,1.0
10.0,1.0,2400.0,1.0
21.21,1.0,430.0,1.0
10.0,1.0,2400.0,1.0
29.13,1.0,430.0,1.0
27.88,1.0,750.0,1.0
10.0,1.0,2400.0,1.0
10.0,1.0,2400.0,1.0
10.0,1.0,2400.0,1.0
10.0,1.0,2400.0,1.0
10.0,1.0,32550.0,1.0
18.3,1.0,24196.0,1.0
10.0,1.0,12033.0,1.0
10.0,1.0,209.0,1.0
10.0,1.0,933.0,1.0
10.0,1.0,249.0,1.0
10.0,1.0,2595.0,1.0
11.7,1.0,393.0,1.0
10.0,1.0,281.0,1.0
12.54,1.0,1145.0,1.0
14.28,1.0,168.0,1.0
13.31,1.25,84.0,1.0
12.48,1.0,2098.0,1.0
21.63,1.0,420.0,1.0
38.95,1.0,122.0,1.0
36.38,1.0,181.0,1.0
24.96,1.0,210.0,1.0
25.92,1.0,23.0,1.0
21.6,1.0,240.0,1.0
28.8,1.0,23.0,1.0
23.52,1.0,240.0,1.0
26.4,1.0,240.0,1.0
33.4,1.0,240.0,1.0
49.85,1.0,93.0,1.0
26.88,1.0,1100.0,1.0
24.0,1.0,75.0,1.0
40.8,1.0,1100.0,1.0
21.12,1.0,75.0,1.0
45.6,1.0,240.0,1.0
26.4,1.0,93.0,1.0
10.0,1.0,226.0,1.0
10.0,1.0,86.0,1.0
23.52,1.0,210.0,1.0
47.59,1.0,36540.0,1.0
10.0,1.0,644.0,1.0
10.0,1.0,24196.0,1.0
10.0,1.0,189.0,1.0
10.0,1.0,203.0,1.0
10.0,1.0,323.0,1.0
10.0,1.0,450.0,1.0
10.0,1.0,867.0,1.0
15.12,1.0,441.0,1.0
10.0,1.0,457.0,1.0
10.0,1.0,388.0,1.0
10.0,1.0,548.0,1.0
10.0,1.0,41.0,1.0
10.0,1.0,52.0,1.0
12.6,1.0,712.0,1.0
10.0,1.0,408.0,1.0
10.0,1.0,51.0,1.0
13.18,1.0,3.0,1.0
19.78,1.0,73.0,1.0
11.54,1.0,41.0,1.0
14.01,1.0,20.0,1.0
14.83,1.0,81.0,1.0
10.0,1.0,73.0,1.0
10.0,1.0,31.0,1.0
16.48,1.0,10.0,1.0
10.0,1.0,3.0,1.0
27.19,1.0,223.0,1.0
23.07,3.3,1414.0,1.0
10.0,1.0,63.0,1.0
11.54,1.0,109.0,1.0
86.21,1.0,2100.0,1.0
182.23,3.72,24000.0,1.0
179.37,1.0,24000.0,1.0
350.8,4.24,24000.0,3.03
213.66,10.87,24000.0,1.0
165.09,1.0,24000.0,1.0
44.96,1.0,24000.0,1.0
530.8,17.24,11000.0,1.52
33.71,1.0,24000.0,1.0
82.46,1.0,2400.0,1.0
45.79,1.0,1500.0,1.0
270.8,1.62,930.0,1.0
99.13,1.0,24000.0,1.0
35.79,1.0,2100.0,1.0
33.71,1.0,11000.0,1.0
190.8,1.41,24000.0,1.0
125.79,1.0,24000.0,1.0
118.71,1.0,24000.0,1.0
64.13,1.0,24000.0,1.0
18.71,1.0,24000.0,1.0
41.63,1.0,24000.0,1.0
84.13,9.09,24000.0,1.0
3254.0,52.63,24000.0,6.9
43.56,1.0,10.0,1.0
11.08,1.0,52.0,1.0
51.625,1.0,930.0,1.0
750.8,1.0,24000.0,5.569
47.041,1.0,11000.0,1.0
10.0,1.0,2400.0,1.0
29.935,1.0,2400.0,1.0
10.0,1.0,3.0,1.0
10.0,1.0,3.0,1.0
10.0,1.0,1274.0,1.0
344.74,1.0,14136.0,1.0
10.0,1.0,272.0,1.0
10.0,1.0,269.0,1.0
29.26,1.0,620.0,1.0
16.72,1.0,1070.0,1.0
10.0,1.0,323.0,1.0
10.0,1.0,450.0,1.0
24.13,1.0,22470.0,1.0
26.62,1.0,22470.0,1.0
324.15,4.35,2400.0,1.0
16.3548015,1.42,3.0,1.0
21.1,1.0,24196.0,1.0
119.79,1.57,24196.0,1.0
10.0,1.0,50226.0,1.0
19.88,1.0,312098.0,1.0
20.725,1.0,6512098.0,1.0
11.945,1.0,20350.5,1.0
10.0,1.0,24196.0,1.0
21.605,1.0,24196.0,1.0
10.0,1.0,1259.0,1.0
12.66,1.0,24196.0,1.0
38.055,1.0,104198.0,1.0
23.12,1.0,132098.0,1.0
18.145,1.0,262098.0,1.0
10.0,1.0,256298.0,1.0
19.96,1.0,34500.0,1.0
11.945,1.0,30598.0,1.0
13.895,1.0,12598.0,1.0
10.0,1.0,29332.0,1.0
20.01,1.0,162098.0,1.0
10.0,1.0,1968.0,1.0
10.0,1.0,24196.0,1.0
10.0,1.0,24196.0,1.0
10.0,1.0,23598.0,1.0
12.115,1.0,41598.0,1.0
10.0,1.0,40098.0,1.0
89.86,1.0,24196.0,1.0
15.69,1.0,24196.0,1.0
13.075,1.0,24196.0,1.0
27.37,1.0,67098.0,1.0
10.0,1.0,31.0,1.0
10.0,1.0,5794.0,1.0
10.0,1.0,31.0,1.0
10.0,1.0,3.0,1.0
10.0,1.0,3.0,1.0
10.0,1.0,3.0,1.0
10.0,1.0,96.0,1.0
45.5,1.0,4.0,1.0
49.98,1.0,2400.0,1.0
55.69,1.0,460.0,1.0
21.96,1.0,460.0,1.0
21.47,1.0,240.0,1.0
29.77,1.0,240.0,1.0
32.21,1.0,1100.0,1.0
44.41,1.0,2400.0,1.0
30.74,1.0,2400.0,1.0
37.13,1.0,1100.0,1.0
31.72,1.0,1100.0,1.0
24.75,1.0,240.0,1.0
31.42,1.0,43.0,1.0
69.02,1.0,23.0,1.0
23.8,1.0,210.0,1.0
27.61,1.0,460.0,1.0
24.75,1.0,43.0,1.0
19.52,1.0,93.0,1.0
68.07,1.0,3.0,1.0
28.56,1.0,28.0,1.0
66.64,1.0,15.0,1.0
32.21,1.0,23.0,1.0
67.59,1.0,15.0,1.0
27.33,1.0,240.0,1.0
69.3,1.0,1100.0,1.0
29.51,1.0,3.0,1.0
51.3,1.0,3.0,1.0
45.5,1.0,9.0,1.0
44.04,1.0,210.0,1.0
45.01,1.0,15.0,1.0
64.37,1.0,3.0,1.0
48.4,1.0,15.0,1.0
24.89,1.0,43.0,1.0
27.82,1.0,240.0,1.0
22.94,1.0,210.0,1.0
24.28,1.0,75.0,1.0
22.37,1.0,2400.0,1.0
34.46,1.0,23.0,1.0
20.94,1.0,2400.0,1.0
27.38,1.0,120.0,1.0
26.9,1.0,9.0,1.0
32.37,1.0,1100.0,1.0
32.57,1.0,2400.0,1.0
23.23,1.0,2400.0,1.0
29.77,1.0,150.0,1.0
51.73,1.0,28.0,1.0
52.7,1.0,240.0,1.0
44.41,1.0,460.0,1.0
31.72,1.0,23.0,1.0
32.7,1.0,43.0,1.0
37.09,1.0,1100.0,1.0
49.29,1.0,150.0,1.0
46.36,1.0,460.0,1.0
35.14,1.0,1100.0,1.0
45.87,1.0,240.0,1.0
21.6,1.0,460.0,1.0
25.08,1.0,3.0,1.0
12.54,1.0,3.0,1.0
10.0,1.0,85.0,1.0
19.04,1.0,93.0,1.0
61.4,1.0,3.0,1.0
44.74,1.0,1100.0,1.0
22.37,1.0,43.0,1.0
40.94,1.0,2400.0,1.0
10.0,1.0,1112.0,1.0
10.0,1.0,298.0,1.0
26.75,1.0,2282.0,1.0
10.0,1.0,480.0,1.0
17.47,1.0,75.0,1.0
38.71,1.0,24000.0,1.0
40.79,1.0,24000.0,1.0
26.21,1.0,280.0,1.0
75.79,1.0,24000.0,1.0
84.13,1.0,230.0,1.0
34.13,1.0,24000.0,1.0
63.71,1.0,930.0,1.0
65.38,1.0,30.0,1.0
79.54,1.0,24000.0,1.0
13.38,1.0,4884.0,1.0
15.38,1.0,930.0,1.0
25.08,1.0,17329.0,1.0
14.13,1.0,2400.0,1.0
10.0,1.0,933.0,1.0
10.0,1.0,63.0,1.0
43.71,1.0,24000.0,1.0
10.0,1.0,591.0,1.0
15.05,1.0,7701.0,1.0
11.7,1.0,12910.0,1.0
61.21,1.0,11000.0,1.0
60.38,1.0,24000.0,1.0
64.96,1.0,4600.0,1.0
10.0,1.0,94.0,1.0
34.54,1.0,4600.0,1.0
62.1,1.0,24196.0,1.0
31.21,1.0,11000.0,1.0
27.88,1.0,930.0,1.0
13.71,1.0,750.0,1.0
30.38,1.0,24000.0,1.0
28.71,1.0,11000.0,1.0
10.0,1.0,512.0,1.0
32.46,1.0,24000.0,1.0
17.47,1.0,201.0,1.0
45.38,1.0,430.0,1.0
47.46,1.0,70.0,1.0
58.29,1.0,430.0,1.0
37.88,1.0,230.0,1.0
52.88,1.0,2400.0,1.0
35.79,1.0,24000.0,1.0
1581.6,13.51,2100.0,1.4
27.46,1.0,2400.0,1.0
26.63,1.0,930.0,1.0
18.29,1.0,750.0,1.0
48.71,1.0,4600.0,1.0
32.04,1.0,24000.0,1.0
37.04,1.0,230.0,1.0
28.71,1.0,24000.0,1.0
54.54,1.0,2100.0,1.0
83.29,1.0,24000.0,1.0
38.71,1.0,24000.0,1.0
32.04,1.0,230.0,1.0
30.38,1.0,2400.0,1.0
10.0,1.0,327.0,1.0
26.21,1.0,40.0,1.0
45.38,1.0,1500.0,1.0
37.04,1.0,4600.0,1.0
36.21,1.0,2100.0,1.0
23.29,1.0,1200.0,1.0
42.04,1.0,24000.0,1.0
38.71,1.0,24000.0,1.0
10.0,1.0,148.0,1.0
38.29,1.0,930.0,1.0
36.21,1.0,24000.0,1.0
51.21,1.0,24000.0,1.0
10.0,1.0,2142.0,1.0
43.71,1.0,4600.0,1.0
47.04,1.0,4600.0,1.0
38.29,1.0,11000.0,1.0
12.54,1.0,15760.0,1.0
32.88,1.0,24000.0,1.0
52.88,1.0,390.0,1.0
45.79,1.0,90.0,1.0
72.04,1.0,230.0,1.0
85.38,1.0,24000.0,1.0
69.54,1.0,930.0,1.0
98.71,1.0,24000.0,1.0
74.54,1.0,24000.0,1.0
70.79,1.0,750.0,1.0
80.38,1.0,24000.0,1.0
84.13,1.0,24000.0,1.0
49.13,1.0,24000.0,1.0
24.13,1.0,24000.0,1.0
36.63,1.0,24000.0,1.0
30.79,1.0,24000.0,1.0
89.13,1.0,24000.0,1.0
24.13,1.0,210.0,1.0
56.21,1.0,3.0,1.0
25.38,1.0,2100.0,1.0
32.46,1.0,24000.0,1.0
32.46,1.0,90.0,1.0
30.79,1.0,150.0,1.0
33.29,1.0,150.0,1.0
35.38,1.0,90.0,1.0
35.38,1.0,90.0,1.0
29.96,1.0,2400.0,1.0
13.24,1.0,93.0,1.0
58.69,1.0,3.0,2.09
48.29,1.0,24000.0,1.0
10.0,1.0,1146.0,1.0
10.0,1.0,2359.0,1.0
17.56,1.0,689.0,1.0
29.54,1.0,70.0,1.0
44.95,1.0,2400.0,1.0
23.4,1.0,2400.0,1.0
45.65,1.0,2400.0,1.0
10.0,1.0,7.0,1.0
69.81,1.0,2400.0,1.0
17.07,1.0,2400.0,1.0
54.31,1.0,210.0,1.0
10.0,1.0,2400.0,1.0
10.0,1.0,2400.0,1.0
10.0,1.0,150.0,1.0
181.615,4.63,1221898.0,2.85
32.46,1.0,24196.0,1.0
94.67,1.0,24196.0,1.0
132.97,1.0,24196.0,1.0
228.08,9.62,241960.0,1.0
66.05,1.0,24196.0,1.0
116.05,1.0,24196.0,1.0
42.54,1.0,241960.0,1.0
28.87,1.0,4461.5,1.0
36.64,1.0,24196.0,1.0
21.2,1.0,17329.0,1.0
15.26,1.0,19863.0,1.0
49.975,1.0,4810.0,1.0
23.74,1.0,24196.0,1.0
88.36,1.0,18420.0,1.0
80.74,1.0,241960.0,1.0
10.0,1.0,9208.0,1.0
39.28,1.0,54750.0,1.0
36.72,1.0,6867.0,1.0
49.46,1.0,241960.0,1.0
24.96,1.0,16070.0,1.0
37.08,1.0,155310.0,1.0
54.51,1.0,15150.0,1.0
30.82,1.0,104620.0,1.0
49.845,1.0,98743.0,2.54
47.08,3.45,24196.0,1.0
68.44,4.08,24196.0,1.0
50.41,4.52,24196.0,1.0
31.18,1.0,7270.0,1.0
10.87,1.0,226.0,1.0
10.0,1.0,538.0,1.0
11.7,1.0,171.0,1.0
10.0,1.0,663.0,1.0
10.0,1.0,364.0,1.0
10.0,1.0,1124.0,1.0
10.0,1.0,211.0,1.0
10.0,1.0,241.0,1.0
10.0,1.0,20.0,1.0
10.0,1.0,148.0,1.0
10.0,1.0,41.0,1.0
10.0,1.0,246.0,1.0
10.0,1.0,24196.0,1.0
10.0,1.63,3.0,1.0
20.26,1.0,10.0,2.51
10.0,1.0,110.0,1.0
10.0,1.0,1119.0,1.0
21.63,1.0,315.0,1.0
12.78,1.0,6131.0,1.0
79.13,1.0,3640.0,1.0
233.79,1.0,17329.0,1.0
10.0,1.0,460.0,1.0
10.0,1.0,657.0,1.0
10.92,1.0,404.0,1.0
19.04,1.0,5475.0,1.0
10.0,1.0,3.0,1.0
10.0,1.0,3.0,1.0
10.0,1.0,3.0,1.0
10.0,1.0,10.0,1.0
28.42,1.0,3.0,1.0
12.42,1.0,1220.0,1.0
18.39,1.0,10.0,1.0
10.0,1.0,3.0,1.0
111.69,1.0,1354.0,1.0
41.59,1.0,1100.0,1.0
32.21,1.0,158.0,1.0
362.69,10.87,241960.0,1.0
49.72,1.0,3310.0,1.0
11.7,1.0,10.0,1.0
28.42,1.0,1340.0,1.0
10.0,1.0,3.0,1.0
19.32,1.0,84.0,1.0
20.26,1.0,63.0,1.0
17.56,1.0,318.0,1.0
10.0,1.0,52.0,1.0
195.33,1.0,241960.0,1.0
205.95,1.0,24196.0,1.0
271.28,2.78,2419600.0,1.0
139.97,1.0,24196.0,1.0
134.97,1.0,24196.0,1.0
73.05,1.0,24196.0,1.0
179.28,2.82,2419600.0,1.0
206.26,1.0,241960.0,1.0
63.64,1.0,20.0,1.0
79.64,1.0,132.0,1.0
10.0,1.0,15531.0,1.0
10.0,1.0,24196.0,1.0
10.0,1.0,717.0,1.0
35.03,1.0,24196.0,1.0
34.92,1.0,4611.0,1.0
10.0,1.0,441.0,1.0
17.39,1.0,232.0,1.0
10.0,1.0,3.0,1.0
10.0,1.0,650.0,1.0
15.96,1.0,3.0,1.0
10.92,1.0,630.0,1.0
13.44,1.0,3110.0,1.0
13.44,1.0,520.0,1.0
13.31,1.0,594.0,1.0
14.14,1.0,767.0,1.0
118.18,1.0,145.0,1.0
11.82,1.0,462.0,1.0
34.15,1.0,2014.0,1.0
10.0,1.0,1616.0,1.0
10.0,1.0,399.0,1.0
10.0,1.0,98.0,1.0
10.0,1.0,52.0,1.0
12.66,1.0,211.0,1.0
25.08,1.0,754.0,1.0
10.08,1.0,520.0,1.0
128.67,35.71,24196.0,1.0
116.46,9.09,24196.0,1.0
10.0,1.0,134.0,1.0
10.0,1.0,120.0,1.0
10.0,1.0,5172.0,1.0
10.0,1.0,520.0,1.0
14.21,1.0,1014.0,1.0
10.0,1.0,2723.0,1.0
10.0,1.0,20.0,1.0
10.92,1.0,471.0,1.0
10.0,1.0,75.0,1.0
12.42,1.0,86.0,1.0
13.25,1.0,537.0,1.0
14.14,1.0,19863.0,1.0
12.48,1.0,20.0,1.0
10.0,1.0,520.0,1.0
15.81,1.0,142.0,1.0
26.04,1.0,2247.0,1.0
23.52,1.0,8164.0,1.0
10.0,1.0,295.0,1.0
10.0,1.0,288.0,1.0
10.0,1.0,24196.0,1.0
16.88,1.0,24196.0,1.0
10.0,1.0,41.0,1.0
25.2,1.0,20.0,1.0
10.92,1.0,122.0,1.0
12.6,1.0,2909.0,1.0
22.68,1.0,2143.0,1.0
71.77,1.0,9330.0,1.0
25.08,1.0,7230.0,1.0
10.0,1.0,359.0,1.0
10.0,1.0,1124.0,1.0
10.0,1.0,3076.0,1.0
16.88,1.0,61310.0,1.0
10.0,1.0,1680.0,1.0
10.0,1.0,1296.0,1.0
10.0,1.0,177.0,1.0
15.81,1.0,2046.0,1.0
11.65,1.0,528.0,1.0
10.82,1.0,798.0,1.0
145.1,1.0,203.0,1.0
73.29,1.0,24000.0,1.0
103.29,1.0,24000.0,1.0
107.88,1.0,24000.0,1.0
92.46,1.0,24000.0,1.0
109.13,1.0,24000.0,1.0
70.38,1.0,390.0,1.0
72.04,1.0,930.0,1.0
68.29,1.0,24000.0,1.0
124.54,1.0,150.0,1.76
63.71,1.0,24000.0,1.0
167.94,1.0,24000.0,1.0
59.13,1.0,930.0,1.0
55.38,1.0,24000.0,1.0
67.46,1.0,11000.0,1.0
127.04,1.0,24000.0,1.0
106.21,1.0,230.0,1.0
64.54,1.0,24000.0,1.0
117.46,1.0,430.0,1.0
31.44,1.0,1210.0,1.0
11.7,1.0,3.0,1.0
10.0,1.0,24196.0,1.0
15.88,1.0,31.0,1.0
14.21,1.0,2282.0,1.0
12.54,1.0,41.0,1.0
10.87,1.0,20.0,1.0
19.32,1.0,24196.0,1.0
18.48,1.0,15531.0,1.0
19.32,1.0,12033.0,1.0
17.64,1.0,6131.0,1.0
10.0,1.0,278.0,1.0
20.16,1.0,771.0,1.0
67.46,1.0,24000.0,1.0
24.27,1.0,2100.0,1.0
65.79,1.0,24000.0,1.0
32.88,1.0,4600.0,1.0
35.38,1.0,11000.0,1.0
81.63,1.0,1500.0,1.0
86.63,1.0,24000.0,1.0
72.46,1.0,24000.0,1.0
77.46,1.0,1500.0,1.0
10.0,1.0,43.0,1.0
42.87,1.0,1100.0,1.0
33.04,1.0,1100.0,1.0
33.73,1.0,11.0,1.0
49.57,1.0,2400.0,1.0
38.77,1.0,2400.0,1.0
38.63,1.0,210.0,1.0
29.18,1.0,75.0,1.0
26.77,1.0,2400.0,1.0
37.51,1.0,2400.0,1.0
59.98,1.0,2400.0,1.0
85.86,1.0,2400.0,1.0
10.0,1.0,2400.0,1.0
86.62,1.0,460.0,1.0
20.92,1.0,2400.0,1.0
10.0,1.0,2400.0,1.0
32.64,1.0,2400.0,1.0
10.0,1.0,2400.0,1.0
10.0,1.0,460.0,1.0
12.49,1.0,240.0,1.0
41.05,1.0,210.0,1.0
47.13,1.0,460.0,1.0
19.01,1.0,150.0,1.0
36.71,1.0,2400.0,1.0
10.0,1.0,2400.0,1.0
10.0,1.0,43.0,1.0
30.77,1.0,210.0,1.0
16.11,1.0,93.0,1.0
43.56,1.0,2400.0,1.0
52.69,1.0,2400.0,1.0
39.48,1.0,1100.0,1.0
10.0,1.0,52.0,1.0
26.0,1.0,2100.0,1.0
10.14,1.0,90.0,1.0
10.0,1.0,4600.0,1.0
32.69,1.0,82.5,1.0
40.87,1.0,2504.0,1.0
49.72,1.0,12141.0,1.0
10.0,1.0,63.0,1.0
42.11,1.0,7.0,1.0
796.11,25.64,19505980.0,2.63
10.0,1.2,21.0,1.0
10.0,1.0,161.0,1.0
266.75,1.0,241960.0,1.0
10.0,1.0,63.0,1.0
10.0,1.0,3448.0,1.0
65.03,1.0,259.0,1.0
15.73,1.0,1842.0,1.0
10.0,0.854,41.0,0.9906
173.64,5.5412,241960.0,1.2477
64.59,1.034,3.0,1.0014
87.1517,1.8788,54831.1277,1.0526
87.1505,1.8788,54833.522,1.0526
87.0576,1.8798,55772.8392,1.0527
87.0627,1.8797,55770.3994,1.0527
87.1654,1.8787,54824.4589,1.0526
87.1543,1.8787,54829.8264,1.0526
87.158,1.8787,54828.0373,1.0526
87.1607,1.8787,54827.0084,1.0526
87.2287,1.8785,55689.5604,1.0526
87.172,1.8786,54821.2058,1.0526
87.294,1.8777,54761.8371,1.0525
87.2218,1.8783,54858.5008,1.0526
87.1659,1.8787,54825.2229,1.0526
87.1507,1.8788,54831.6156,1.0526
87.159,1.8787,54827.5493,1.0526
87.1941,1.8784,54810.4706,1.0526
87.1507,1.8788,54831.6156,1.0526
87.1852,1.8785,54820.1782,1.0526
87.2158,1.8783,54799.8981,1.0526
87.171,1.8786,54821.6937,1.0526
87.1505,1.8788,54833.1718,1.0526
87.1874,1.8785,54813.9571,1.0526
87.2175,1.8783,54799.0848,1.0526
87.2609,1.8779,54777.9398,1.0525
10.0,0.9096,28.0,0.9945
18.06,0.9592,2400.0,0.9974
22.72,0.9927,1100.0,0.9997
21.44,0.9518,2400.0,0.9967
43.13,1.0086,460.0,1.0003
27.96,0.8848,2400.0,0.9918
231.23,1.95,2419600.0,1.6
10.0,0.8542,3.0,0.9906
12.54,0.928,31.0,0.9957
16.72,0.8615,3.0,0.9909
10.0,0.8539,3.0,0.9906
10.0,0.8542,3.0,0.9906
18.39,0.8638,3.0,0.991
10.0,0.9345,31.0,0.9907
17.56,0.9453,10.0,0.9911
10.0,0.8541,3.0,0.9906
10.0,0.854,3.0,0.9906
10.0,0.8542,3.0,0.9906
87.1549,1.879,55725.5069,1.0526
87.3819,1.8772,55133.6547,1.0525
20.9,0.9253,630.0,0.9951
89.37,2.844,75.0,1.1277
187.64,2.12,241960.0,1.0
61.92,2.4372,39.0,1.1001
38.4,1.5191,240.0,1.0363
35.04,1.5517,460.0,1.0387
162.84,4.1152,150.0,1.2146
144.71,3.6812,120.0,1.1847
10.0,0.8514,85.0,0.9904
118.26,1.0,24196.0,1.0
85.4603,1.8991,79314.6654,1.0542
85.4603,1.8991,79314.6654,1.0542
85.4603,1.8991,79314.6654,1.0542
85.4603,1.8991,79314.6654,1.0542
85.4603,1.8991,79314.6654,1.0542
85.4603,1.8991,79314.6654,1.0542
85.4603,1.8991,79314.6654,1.0542
101.59,1.0,24196.0,1.0
85.44,1.8783,1624.0,1.0
27.98,0.875,10.0,0.9914
23.74,0.951,62.0,0.9969
30.49,0.8777,3.0,0.9915
27.14,0.8739,10.0,0.9914
614.87,19.61,24196.0,1.0
87.1706,1.8786,54823.2959,1.0526
87.2435,1.8781,54789.6199,1.0525
87.1605,1.8787,54828.1755,1.0526
87.1449,1.8788,54889.8561,1.0526
21.21,0.9296,3.0,0.9955
29.54,0.9918,3.0,0.9996
87.1779,1.8786,54846.0387,1.0526
87.1728,1.8786,54865.1724,1.0526
87.0576,1.8798,55772.8392,1.0527
27.88,0.8759,430.0,0.9915
26.63,0.8734,3.0,0.9914
28.29,0.8753,3.0,0.9915
30.79,0.8794,750.0,0.9916
88.1137,1.8716,54418.1596,1.0521
29.54,0.8772,230.0,0.9915
31.63,0.8827,1500.0,0.9917
44.74,1.6792,210.0,1.0474
50.34,1.6151,43.0,1.0427
24.96,0.8711,3.0,0.9913
27.88,0.8939,3.0,0.9928
29.04,1.3791,240.0,1.0268
35.7,1.5981,75.0,1.042
34.75,1.7521,23.0,1.0529
26.66,1.4771,120.0,1.0338
198.46,4.5037,2400.0,1.2404
134.85,2.9747,2400.0,1.1351
35.82,1.7295,1100.0,1.0511
588.7,15.1511,1100.0,1.9756
87.0576,1.8798,55772.8392,1.0527
23.41,1.0681,24196.0,1.002
38.18,0.9546,52.0,0.9967
32.97,0.9638,235.0,0.9975
29.13,0.8763,3.0,0.9915
28.71,0.8758,3.0,0.9915
30.38,0.8778,3.0,0.9916
31.63,0.8792,3.0,0.9916
25.79,0.8725,3.0,0.9913
43.71,0.8935,150.0,0.9922
27.04,0.874,40.0,0.9914
31.21,0.8789,90.0,0.9916
33.29,0.8811,3.0,0.9917
29.96,0.8773,3.0,0.9915
87.1498,1.8788,54839.9802,1.0526
56.82,1.0,15531.0,1.012
10.0,0.8542,52.0,0.9906
10.0,0.8541,3.0,0.9906
10.0,0.8537,3.0,0.9906
15.34,0.8566,364.0,0.9905
39.46,1.217,3.0,1.0151
51.77,0.9025,41.0,0.9926
56.97,1.4857,200.0,1.0334
37.92,1.2521,10.0,1.0176
66.13,1.402,310.0,1.0272
63.64,1.3286,20.0,1.0221
19.6,0.8651,10.0,0.991
33.74,0.8814,3.0,0.9917
37.67,1.2043,3.0,1.0143
10.0,0.8537,10.0,0.9906
45.18,1.2204,100.0,1.0151
51.51,1.2404,200.0,1.0163
11.93,0.8553,100.0,0.9906
45.18,0.894,3.0,0.9922
33.56,1.253,200.0,1.0178
10.0,0.9542,189.0,0.9976
10.0,0.8541,86.0,0.9906
10.0,0.8542,3.0,0.9906
10.0,0.8545,146.0,0.9906
10.0,0.8542,3.0,0.9906
21.84,1.3177,41.0,1.0228
10.0,0.8543,41.0,0.9906
10.0,0.8542,3.0,0.9906
10.0,0.8542,20.0,0.9906
10.0,0.8546,161.0,0.9906
126.64,1.2603,633.0,1.0152
102.28,1.4921,142.0,1.0324
81.69,1.1065,200.0,1.0059
105.62,3.5347,3.0,1.1758
10.0,0.8542,63.0,0.9906
12.72,1.1121,1137.0,1.0085
10.0,0.8542,52.0,0.9906
10.0,0.8543,52.0,0.9906
105.44,1.0607,185.0,1.002
10.0,0.8544,109.0,0.9906
14.21,0.9271,121.0,0.9956
69.13,1.1172,62.0,1.0071
87.1668,1.8787,54967.0504,1.0526
87.2513,1.878,54784.8284,1.0525
30.755,0.9932,3.0,0.9997
24.24,1.1188,3.0,1.0087
12.54,1.1558,3.0,1.0117
87.1411,1.8789,54928.5664,1.0526
10.0,1.0287,3.0,1.0029
10.0,0.8542,20.0,0.9906
10.0,0.8542,3.0,0.9906
10.0,0.8542,10.0,0.9906
72.03,0.9258,10.0,0.9935
10.0,0.8541,3.0,0.9906
10.97,0.8553,3.0,0.9906
87.2307,1.8782,54807.1009,1.0526
87.1493,1.8788,54851.4041,1.0526
87.1797,1.8786,54878.9952,1.0526
87.1676,1.8787,54911.4831,1.0526
10.0,0.9077,253.0,0.9943
87.1621,1.8788,55066.1839,1.0526
10.0,0.8542,3.0,0.9906
10.0,1.0139,3.0,1.0018
16.64,0.8591,31.0,0.9908
87.343,1.8773,54758.4654,1.0525
87.2498,1.878,54794.1796,1.0525
87.3455,1.8773,54755.3038,1.0525
87.248,1.8781,54825.3142,1.0525
87.2275,1.8782,54964.8578,1.0526
87.1907,1.8785,54822.3469,1.0526
87.1872,1.8785,54815.63,1.0526
87.1981,1.8784,54821.5626,1.0526
87.145,1.8788,54917.4541,1.0526
87.1489,1.8788,54848.9283,1.0526
87.4703,1.8778,58976.0726,1.0526
87.8588,1.8737,55045.233,1.0523
2381.18,9.9833,125770.5782,1.5103
101.74,1.9565,79644.0988,1.0574
162.83,3.5666,964289.2184,1.169
196.51,1.0,4600.0,1.0
33.71,1.24,230.0,1.0169
71.21,0.9253,230.0,0.9935
75.38,0.9802,70.0,0.9972
61.63,0.914,110.0,0.993
63.71,0.9165,90.0,0.9931
895.88,1.0,24000.0,1.63
1426.06,13.51,230.0,9.17
18.67,1.3031,78165.1617,1.0146
170.16,4.3827,80694.4294,1.2302
73.71,1.6783,24000.0,1.0432
39.21,1.4845,90.0,1.034
185.09,5.3598,24000.0,1.0
225.09,6.0042,24000.0,1.0
2800.0,57.7007,34500.0,1.0
721.67,17.24,43520.0,2.73
32.37,1.5666,15.0,1.0399
10.0,0.8535,10.0,0.9906
10.0,0.8544,97.0,0.9906
87.1974,1.8784,54808.8441,1.0526
87.2138,1.8783,54804.2128,1.0526
87.2108,1.8783,54802.3379,1.0526
87.2108,1.8783,54802.5714,1.0526
87.2241,1.8782,54795.9874,1.0526
87.2241,1.8782,54796.6099,1.0526
88.0727,1.8719,54382.6907,1.0521
87.2374,1.8781,54790.1037,1.0525
87.174,1.8786,54820.4633,1.0526
87.4948,1.8762,54664.0821,1.0524
87.2175,1.8783,54799.0848,1.0526
87.2642,1.8779,54776.3133,1.0525
87.2776,1.8778,54769.8071,1.0525
87.2342,1.8781,54790.9521,1.0526
87.2041,1.8784,54805.591,1.0526
87.2175,1.8783,54799.0848,1.0526
87.2542,1.878,54781.1929,1.0525
87.3144,1.8775,54751.9152,1.0525
87.2308,1.8782,54792.5787,1.0526
87.2676,1.8779,54774.6868,1.0525
87.26,1.878,54818.9918,1.0525
87.3377,1.8774,54741.3075,1.0525
87.2901,1.8777,54804.353,1.0525
87.2992,1.8777,54776.2008,1.0525
87.2342,1.8781,54790.9521,1.0526
87.2242,1.8782,54795.8318,1.0526
25.7,1.308,240.0,1.0219
23.91,1.3058,120.0,1.0218
26.84,1.4832,23.0,1.0342
28.3,1.521,3.0,1.0368
24.4,1.3252,3.0,1.0232
14.49,0.8619,1100.0,0.9908
51.15,1.0202,20.0,1.0009
37.47,0.8885,1100.0,0.9919
87.1625,1.8787,54860.2372,1.0526
87.2272,1.8782,54800.1506,1.0526
87.1032,1.8793,55311.9731,1.0526
87.1657,1.8787,54835.0288,1.0526
87.1596,1.8787,54837.9795,1.0526
87.1865,1.8785,54876.0304,1.0526
87.1487,1.8788,54851.1069,1.0526
87.1039,1.8793,55304.9702,1.0526
87.2706,1.8779,54776.5616,1.0525
19.2,1.3039,30.0,1.0219
50.38,1.0,94599.5109,1.0
67.04,1.2655,3.0,1.0176
136.63,2.4727,110.0,1.1
50.38,1.292,210.0,1.02
33.71,1.0995,2400.0,1.0067
35.79,1.0683,40.0,1.0048
32.88,1.1073,230.0,1.0076
69.13,1.2809,150.0,1.0186
140.3802,1.0,94495.6669,1.0
143.7559,1.0,95460.3249,1.0
143.7559,1.0,95460.3249,1.0
22.9349,1.0,60933.6079,1.0
166.1166,3.5016,102363.61,1.0836
100.8536,2.205,83713.5557,1.0598
158.24,3.3451,100112.7414,1.0807
19.8406,1.0,60049.3381,1.0
28.2798,1.0,62460.9831,1.0
33.3433,1.0,63907.97,1.0
62.1771,1.0,72147.757,1.0
97.3404,1.0,82196.2776,1.0
72.8668,1.0,75202.5073,1.0
25.1854,1.0,61576.7132,1.0
40.5134,1.0061,66470.2942,1.0378
38.5443,0.967,65907.5771,1.0371
41.0,1.0,82148.7075,1.0493
68.0,1.0,39933.2371,1.0346
85.4603,1.8991,79314.6654,1.0542
85.4603,1.8991,79314.6654,1.0542
85.4603,1.8991,79314.6654,1.0542
85.4603,1.8991,79314.6654,1.0542
85.4603,1.8991,79314.6654,1.0542
85.4603,1.8991,79314.6654,1.0542
85.4603,1.8991,79314.6654,1.0542
85.4603,1.8991,79314.6654,1.0542
80.0369,1.7914,77764.8314,1.0522
75.536,1.7019,76478.6208,1.0506
105.3545,2.2944,84999.7663,1.0614
68.5034,1.5622,74468.9167,1.048
57.5324,1.3442,71333.7782,1.044
74.9734,1.6908,76317.8445,1.0504
78.771,1.7662,77403.0847,1.0517
90.0233,1.9898,80618.6113,1.0559
435.49,58.4476,21045000.0,2.3276
80.6722,1.7734,3.0,1.0528
35.2,67.3837,27550000.0,2.1081
10.0,1.0212,78018.514,0.9945
10.0,1.0324,78022.3418,0.9953
19.07,1.0,62307.6219,1.0152
85.4603,1.8991,79314.6654,1.0542
85.4603,1.8991,79314.6654,1.0542
40.3728,1.0033,66430.1001,1.0377
85.4603,1.8991,79314.6654,1.0542
40.92,1.0833,3.0,1.0056
17.64,0.9426,10.0,0.9965
87.7396,1.8749,56251.1314,1.0523
59.02,2.4248,1100.0,1.0992
441.38,12.1363,120.0,1.7688
639.15,18.0886,1100.0,2.1803
553.32,15.5052,460.0,2.0017
30.0,1.1634,2440.5,1.0113
17.97,1.0362,2072.0,1.0029
10.0,0.8552,435.0,0.9906
87.2872,1.9105,99315.75,1.0542
27.63,0.9595,10.0,0.9915
34.53,0.9692,6.0,0.9919
20.72,0.9497,3.0,0.9912
20.72,0.9497,3.0,0.9912
20.72,0.9497,9.0,0.9912
27.63,0.9595,8.0,0.9915
20.72,0.9497,8.0,0.9912
27.63,0.9595,3.0,0.9915
34.53,0.9692,3.0,0.9919
77.4536,1.8596,40.0,1.0544
77.4527,1.8596,30.0,1.0544
1622.54,32.5792,6000.0,3.2067
78.218,1.8542,24.0,1.054
78.2164,1.8541,7.0,1.054
78.218,1.8542,24.0,1.054
78.2174,1.8541,17.0,1.054
78.2195,1.8542,40.0,1.054
78.2166,1.8541,9.0,1.054
10.0,1.0,71480.3349,1.0
10.0,1.6003,45956.62,1.0369
78.3058,1.8547,985.75,1.054
96.28,1.8299,150000.0,1.048
164.755,40904.0028,150000.0,192.7598
75.64,60.9178,26500000.0,2.2105
102.1,49.2514,20120000.0,1.9682
89.88,1.8728,390000.0,1.009
10.0,3.0639,930000.0,1.0256
14.98,1.3589,210000.0,0.9987
222.08,4.7863,57.5,1.198
32.8915,0.9053,32.0,0.9897
104.525,1.5475,49955.0,1.002
76.355,1.2,2240.75,0.9987
10.0,1.0005,10000.0,0.9952
144.0,1.2241,1000.0,1.0044
10.0,26410.4288,11500000467.5,509.6908
75.54,78920.5236,4500040000.0,223.3854
29.24,106787.6381,46500005500.0,2057.8836
37.77,1.3519,160000.0,0.9954
64.8,26666.666,12000115000.0,527.5845
38.585,1.721,184650.0,1.01
24.425,53675.6261,23000000000.0,1022.4158
10.0,91014.4339,39000000000.0,1732.9797
18.79,0.9413,11635.0,0.9932
38.21,1.1837,150000.0,1.0302
11.845,1.06,11570.0,0.9894
143.345,4.2725,210000.0,1.2218
30.595,1.0029,24.0,1.0003
23.45,0.9825,3.5,0.9992
23.925,1.0052,11.5,1.0007
24.64,1.0705,7.5,1.0053
20.355,0.981,15.0,0.9992
29.405,0.9793,6.5,0.9987
22.2,1.4489,64000.0,0.9939
10.0,1.2601,75000.0,0.9742
79.8963,1.7886,77724.6373,1.0522
10.0,1.0445,120000.0,1.0023
10.0,0.9003,93000.0,1.0076
22.47,2.2359,640000.0,1.0408
22.2,1.593,120000.0,0.9955
52.53,2.0369,230000.0,1.0425
44.94,4.0288,1200000.0,1.0573
74.9,1.5008,280000.0,1.0268
83.7,1.9606,23.0,1.0006
10.0,2.6045,750000.0,1.0214
91.31,0.9703,9300.0,0.9948
53.26,0.9071,1200.0,0.9927
30.44,1.0564,4600.0,1.0035
22.83,0.869,4.0,0.9912
91.31,1.0555,240.0,1.0019
167.4,3.8448,210.0,1.2115
104.9,1.3042,43000.0,1.0026
104.86,3.4847,46000.0,1.1664
10.0,1.0399,14.0,0.9753
29.96,0.8939,7000.0,0.9918
22.47,0.9231,23000.0,0.992
89.88,1.6677,7000.0,1.0441
22.83,1.0445,11000.0,0.9793
89.99,3.6781,460000.0,1.1251
68.48,1.0781,2400.0,0.981
22.83,0.9676,4.0,0.9831
15.22,0.8041,2400.0,0.996
60.87,1.4856,2100.0,1.0339
60.87,2.0056,43000.0,0.9886
60.87,1.7482,1500.0,1.0137
20.3,1.1778,93.0,1.013
22.66,1.1481,9.0,1.0108
19.52,1.0034,23.0,1.0008
23.32,1.2233,3.0,1.0161
37.44,1.7549,3.0,1.053
37.92,1.8015,7.0,1.0562
34.56,1.8461,9.0,1.0595
31.68,1.7562,15.0,1.0533
23.04,1.2642,15.0,1.019
23.52,1.2085,3.0,1.015
29.76,1.2911,3.0,1.0206
23.04,1.224,3.0,1.0161
22.85,1.1955,4.0,1.0141
19.52,1.2179,3.0,1.0158
21.9,1.1572,3.0,1.0115
20.01,1.294,39.0,1.0212
22.45,1.3482,15.0,1.0249
26.35,1.4744,20.0,1.0336
27.61,1.3179,9.0,1.0226
29.51,1.5587,23.0,1.0394
73.2,2.6764,43.0,1.1165
28.79,1.5036,43.0,1.0356
20.3,1.1856,7.0,1.0135
21.71,1.1429,4.0,1.0105
25.02,1.3482,43.0,1.0248
23.13,1.3348,460.0,1.0239
25.49,1.3638,43.0,1.0259
22.18,1.1858,3.0,1.0135
55.22,2.5058,1100.0,1.105
87.1898,1.8785,54821.3176,1.0526
87.245,1.8781,54874.4477,1.0525
87.1806,1.8785,54817.7549,1.0526
87.245,1.8781,54874.4477,1.0525
87.1807,1.8785,54817.2102,1.0526
87.1768,1.8786,54824.3223,1.0526
87.1782,1.8786,54906.9785,1.0526
87.2107,1.8783,54802.8048,1.0526
49.95,1.822,93.0,1.0572
19.36,1.2257,93.0,1.0164
37.58,1.6125,1100.0,1.0428
62.46,1.0,23.0,1.0
75.64,2.8927,75.0,1.1316
18.18,1.1338,15.0,1.01
25.7,1.0,1100.0,1.0
20.33,1.1816,4.0,1.0133
26.62,1.2705,43.0,1.0193
19.36,1.1281,20.0,1.0095
24.54,1.3095,75.0,1.0221
29.26,1.4819,21.0,1.0341
18.41,1.2126,9.0,1.0155
17.94,1.1225,23.0,1.0092
10.0,0.9912,57631.8522,0.9925
10.0,0.9912,57643.8467,0.9925
10.0,0.9912,57636.65,0.9925
10.0,0.9912,57637.8495,0.9925
10.0,0.9972,57510.6354,0.9929
76.42,1.278,63987.4614,1.0095
87.9156,1.8731,54470.6808,1.0522
87.9148,1.8731,54478.4608,1.0522
87.9129,1.8731,54497.9108,1.0522
87.9156,1.8731,54470.6808,1.0522
87.8913,1.8733,54716.5285,1.0522
87.9161,1.8731,54465.2348,1.0522
10.0,1.6001,45815.6926,1.0368
10.0,1.6001,45815.6926,1.0368
10.0,1.6334,77787.659,1.0392
87.9159,1.8731,54467.9578,1.0522
87.9162,1.8731,54464.8458,1.0522
16.1,1.0379,57840.0324,0.9955
361.76,1.6084,85146.2938,1.017
87.9165,1.8731,54461.8894,1.0522
859.37,11.76,24000.0,1.0
87.2108,1.8783,54802.3379,1.0526
68.29,1.1894,90.0,1.0122
14.21,1.0043,183.0,1.001
71.63,0.9388,210.0,0.9944
87.1935,1.8784,54816.1896,1.0526
33.29,0.8818,430.0,0.9917
87.1974,1.8784,54808.8441,1.0526
87.0885,1.8795,55750.575,1.0527
87.1507,1.8788,54831.6156,1.0526
1181.6,24.39,24000.0,1.79
87.2208,1.8782,54797.4583,1.0526
87.1498,1.8788,54840.447,1.0526
87.2776,1.8778,54769.8071,1.0525
87.1598,1.8787,54835.5674,1.0526
87.1854,1.8788,55703.4053,1.0526
87.1605,1.8787,54861.1742,1.0526
87.2342,1.8781,54790.9521,1.0526
75.79,1.4095,24000.0,1.0243
87.2108,1.8783,54802.3379,1.0526
87.1573,1.8787,54828.3626,1.0526
87.2007,1.8784,54834.0834,1.0526
87.1865,1.8785,54822.5551,1.0526
10.0,1.0,691.0,0.9806
19.54,0.8652,3.0,0.991
10.0,0.8541,3.0,0.9906
27.88,1.3782,3.0,1.0268
10.0,0.8542,3.0,0.9906
59.96,1.0581,24000.0,1.0001
87.9165,1.8731,54461.8505,1.0522
10.0,1.0061,57937.3932,0.9935
85.4603,1.8991,79314.6654,1.0542
85.4603,1.8991,79314.6654,1.0542
10.0,1.0,65605.0026,1.0
87.2837,1.8778,54772.2731,1.0525
88.0593,1.872,54389.975,1.0521
94.132,1.8264,51439.8121,1.049
87.2809,1.8778,54768.1806,1.0525
87.2541,1.878,54781.971,1.0525
87.2074,1.8783,54804.7426,1.0526
58.33,0.9302,2400.0,0.994
34.0,0.9161,2400.0,0.9938
87.2291,1.8782,54810.3582,1.0526
87.3586,1.8772,54819.1453,1.0525
87.2283,1.8782,54882.5804,1.0526
87.3018,1.8777,54846.7965,1.0525
87.3218,1.8775,54837.0373,1.0525
87.2985,1.8777,54848.4231,1.0525
87.8321,1.8737,54500.424,1.0522
88.1962,1.8709,54323.1118,1.0521
87.4847,1.8763,54669.7398,1.0524
88.0859,1.8718,54377.7407,1.0521
87.7453,1.8743,54542.0916,1.0523
87.3107,1.8776,54757.0432,1.0525
87.5782,1.8756,54624.1967,1.0524
87.8254,1.8737,54503.8327,1.0523
87.8322,1.8737,54499.8405,1.0522
87.7854,1.874,54522.5731,1.0523
87.7987,1.8739,54516.845,1.0523
16.41,0.8673,2400.0,0.991
90.1105,1.8566,53390.5015,1.0511
87.2408,1.8781,54788.3605,1.0525
89.1417,1.8638,53862.198,1.0516
88.674,1.8673,54090.6917,1.0518
84.83,1.016,28.0,0.9994
80.79,0.9361,15.0,0.9939
65.07,0.9231,2400.0,0.9932
82.07,0.9428,2400.0,0.9941
69.85,0.9231,43.0,0.9934
50.65,0.943,2400.0,0.9951
28.1,0.8776,1100.0,0.9915
71.93,1.0036,2400.0,0.9987
87.9324,1.8729,54451.0443,1.0522
13.67,0.8595,1100.0,0.9907
10.0,0.8595,2400.0,0.9907
20.15,0.8966,2400.0,0.9929
34.0,1.0943,60472.2932,0.9985
45.57,0.9576,2400.0,0.9963
87.2976,1.8777,54760.826,1.0525
64.7908,1.0,42887.6559,1.0
87.5273,1.876,54688.8687,1.0524
87.4905,1.8762,54674.929,1.0524
87.8254,1.8737,54503.8327,1.0523
87.6717,1.8749,54579.4316,1.0523
87.5849,1.8755,54620.8658,1.0524
87.8519,1.8735,54493.5437,1.0522
88.1991,1.8709,54326.6012,1.0521
87.5176,1.876,54658.4153,1.0524
88.3465,1.8698,54250.8706,1.052
87.2208,1.8782,54797.4583,1.0526
87.8037,1.8739,54530.5934,1.0523
87.3645,1.8772,54727.5171,1.0525
87.7988,1.8739,54516.1059,1.0523
87.478,1.8763,54672.2148,1.0524
87.2141,1.8783,54800.7114,1.0526
87.7253,1.8745,54551.8508,1.0523
87.8054,1.8739,54512.8528,1.0523
87.1907,1.8785,54812.0972,1.0526
87.2242,1.8782,54795.8318,1.0526
87.3018,1.8777,54846.7965,1.0525
85.4603,1.8991,79314.6654,1.0542
85.4603,1.8991,79314.6654,1.0542
85.4603,1.8991,79314.6654,1.0542
85.4603,1.8991,79314.6654,1.0542
85.4603,1.8991,79314.6654,1.0542
85.4603,1.8991,79314.6654,1.0542
138.5486,2.9539,94485.5698,1.0736
10.0,0.948,3.0,0.9972
135.0323,2.884,93480.7177,1.0723
55.4226,1.3023,70730.867,1.0432
135.0323,2.884,93480.7177,1.0723
130.5314,2.7946,92194.5071,1.0706
120.545,2.5962,89340.7272,1.067
13.5,0.8587,228.0,0.9908
156.14,1.8217,121344.0,1.0379
21.905,1.0578,12287.5,1.0029
14.71,1.1075,12252.5,1.0067
128.4216,2.7527,91591.5959,1.0699
45.155,1.0983,67796.6989,1.0395
108.3082,2.3531,85843.842,1.0625
25.79,1.3932,1842.0,1.0277
27.46,1.2364,19863.0,1.0143
24.96,0.9286,97.0,0.9953
14.21,1.1994,100.0,1.0148
28.98,0.876,41.0,0.9915
43.13,0.8921,10.0,0.9921
29.81,0.8768,31.0,0.9915
17.39,0.8624,75.0,0.9909
23.18,0.8692,3.0,0.9912
24.01,0.8697,3.0,0.9912
18.22,0.863,3.0,0.9909
29.81,0.881,1956.0,0.9916
22.36,0.8683,63.0,0.9912
21.53,0.867,3.0,0.9911
31.0,0.8777,3.0,0.9915
28.98,0.876,10.0,0.9915
10.76,0.8545,3.0,0.9906
26.5,0.873,3.0,0.9914
21.53,0.8673,3.0,0.9911
10.0,0.8518,3.0,0.9906
22.36,0.8678,3.0,0.9911
11.65,0.9213,3.0,0.9954
109.4334,2.3754,86165.3947,1.0629
20.8,0.8644,10.0,0.9911
14.98,1.2008,3270.0,1.0145
19.97,1.3574,27550.0,1.0
63.5805,1.4644,73062.1238,1.0462
33.6214,0.8692,64500.7842,1.0353
10.0,0.9356,100.0,0.9974
10.0,0.948,100.0,0.9976
24.13,0.8683,3.0,0.9912
31.08,0.8781,3.0,0.9916
56.38,0.9075,3.0,0.9928
24.84,0.8713,86.0,0.9913
14.9,0.8593,3.0,0.9908
15.81,0.8588,3.0,0.9909
44.51,0.894,52.0,0.9922
31.85,0.8791,3.0,0.9916
24.01,0.8702,3.0,0.9912
21.53,0.8671,3.0,0.9911
26.5,0.873,3.0,0.9914
33.74,0.8805,3.0,0.9917
15.73,0.8601,3.0,0.9908
11.08,0.8548,3.0,0.9906
87.3064,1.8776,54774.023,1.0525
10.0,1.0047,230.0,1.0013
38.95,1.429,557.0,1.0299
46.31,0.976,63.0,0.9979
49.03,1.5008,4884.0,1.0341
48.69,1.5497,52.0,1.0382
10.0,0.923,3.0,0.9954
10.0,1.0068,3.0,1.0013
10.0,1.0122,3.0,1.0017
87.1319,1.879,55021.5099,1.0526
88.62,1.0,27550.0,1.0
10.0,0.9438,10.0,0.9969
28.98,0.876,3.0,0.9915
10.0,0.8537,3.0,0.9906
19.87,0.8654,3.0,0.991
16.56,0.8615,3.0,0.9909
15.73,0.9022,3.0,0.9938
87.1593,1.8787,54827.659,1.0526
87.1783,1.8786,54818.7767,1.0526
87.1814,1.8785,54816.6515,1.0526
87.1807,1.8785,54816.9768,1.0526
87.2794,1.8778,54838.1285,1.0525
87.1952,1.8784,54837.3472,1.0526
66.46,1.0,5610.0,1.0
87.1951,1.8784,54809.9827,1.0526
87.1978,1.8784,54808.6814,1.0526
10.0,0.9889,3270.0,0.9999
10.0,0.8536,75.0,0.9906
10.0,0.8539,3.0,0.9906
10.0,0.8541,3.0,0.9906
10.0,1.0,24196.0,1.0034
36.56,0.884,20.0,0.9918
142.0,1.2098,17117.2139,1.0584
50.1429,1.1115,20739.0634,1.0376
45.9989,1.1151,68037.8634,1.0398
46.1395,1.1179,68078.0575,1.0398
43.6078,1.0676,67354.564,1.0389
50.4998,1.2045,69324.0741,1.0414
14.9039,0.095,50633.8256,1.0176
1410.0,6.9847,154556.7772,1.4085
87.1543,1.8787,54829.8264,1.0526
55.2955,1.2355,26248.7107,1.0401
87.165,1.8787,54824.6215,1.0526
23.0,0.6769,18656.9045,1.0114
38.0,1.0468,56208.469,0.9968
18.0,0.7136,22796.0724,1.0088
11.7,0.856,10.0,0.9907
44.0,0.9863,12134.8008,1.0385
94.0,1.1366,28853.9741,1.0948
44.0,1.4135,35798.4479,1.0394
98.0,1.0123,26268.359,1.032
94.0,1.2891,36017.2111,1.0402
91.0,1.0974,32764.1508,1.0299
122.5,1.5913,62269.7026,1.033
62.0,1.0202,23870.3086,1.0308
88.0,1.084,24005.5771,1.0376
140.5,1.736,82497.8695,1.0322
24.0,0.7612,28050.5267,1.0069
87.1538,1.8788,54854.8,1.0526
87.2027,1.8784,54845.1787,1.0526
87.1735,1.8786,54822.2989,1.0526
87.1644,1.8787,54834.0294,1.0526
41.77,0.8894,3.0,0.9921
10.0,0.8525,3.0,0.9905
10.0,0.8536,31.0,0.9906
10.0,0.8797,10.0,0.9924
12.6,0.9184,3.0,0.995
35.95,1.0287,748.0,1.0019
21.84,1.388,10.0,1.0277
49.54,1.0034,41.0,0.9997
24.36,0.8723,987.0,0.9913
10.0,0.9693,10.0,0.9987
87.1728,1.8786,54829.9631,1.0526
87.3075,1.8776,54756.6467,1.0525
87.1504,1.8788,54833.9499,1.0526
10.0,0.854,31.0,0.9906
10.0,0.8538,3.0,0.9906
10.92,1.0069,3.0,1.0013
10.0,0.9321,3.0,0.9961
10.0,0.9527,3.0,0.9975
13.44,1.1761,10.0,1.0131
10.92,0.9531,3.0,0.9975
10.08,0.9393,3.0,0.9966
10.0,0.9616,3.0,0.9981
87.2011,1.8784,54823.2041,1.0526
16.64,1.2674,20.0,1.0194
37.85,1.3081,3.0,1.0216
24.13,1.457,10.0,1.0325
22.46,1.3444,3.0,1.0247
87.2365,1.8781,54790.0859,1.0526
87.248,1.8781,54863.4732,1.0525
87.219,1.8783,54809.1438,1.0526
10.0,0.8542,3.0,0.9906
10.0,0.8539,3.0,0.9906
10.0,0.8539,3.0,0.9906
10.0,0.8539,3.0,0.9906
22.46,0.8634,20.0,0.9908
10.0,0.8541,3.0,0.9906
10.0,0.8541,3.0,0.9906
10.0,0.8533,3.0,0.9906
87.1448,1.8791,55730.3865,1.0526
87.2862,1.878,55661.5839,1.0526
87.3653,1.8772,54954.0519,1.0525
87.2345,1.8783,55131.6668,1.0526
87.2718,1.8779,54786.3553,1.0525
87.2298,1.8782,54928.2766,1.0526
87.1609,1.879,55722.5791,1.0526
87.1138,1.8793,55745.5133,1.0526
87.1599,1.8787,54895.8918,1.0526
87.1558,1.8788,54895.244,1.0526
10.0,0.8541,31.0,0.9906
10.0,0.9232,10.0,0.9954
10.0,0.8523,3.0,0.9905
11.65,0.8555,3.0,0.9906
122.6548,2.6381,89943.6385,1.0678
20.9,1.1339,3.0,1.01
17.56,1.0,16596.7942,1.0
85.4603,1.8991,79314.6654,1.0542
87.1507,1.8788,54831.6156,1.0526
87.154,1.8787,54829.9891,1.0526
87.1507,1.8788,54831.6156,1.0526
87.164,1.8787,54825.1095,1.0526
87.1507,1.8788,54831.6156,1.0526
87.1507,1.8788,54831.6156,1.0526
87.154,1.8787,54829.9891,1.0526
87.1841,1.8785,54815.3502,1.0526
87.1871,1.8785,54817.1084,1.0526
87.1707,1.8786,54821.8564,1.0526
87.2035,1.8784,54811.31,1.0526
87.1718,1.8786,54836.3894,1.0526
87.1504,1.8788,54834.4168,1.0526
29.66,0.8826,2400.0,0.9916
35.92,0.9267,2400.0,0.9945
30.67,0.9305,2400.0,0.9949
22.22,0.9082,2400.0,0.9937
62.72,1.0053,2400.0,0.9991
36.4009,1.0,16428.8637,1.0
40.34,0.9151,2400.0,0.9935
35.85,0.8898,2400.0,0.9919
19.41,1.0154,2400.0,1.0013
37.47,1.0419,2400.0,1.0025
10.0,0.9849,2400.0,0.9995
85.4603,1.8991,79314.6654,1.0542
85.4603,1.8991,79314.6654,1.0542
85.4603,1.8991,79314.6654,1.0542
87.1607,1.8787,54826.736,1.0526
35.66,0.9025,430.0,0.9931
109.7147,2.381,86245.7829,1.063
64.5651,1.484,73343.4823,1.0466
87.0985,1.8793,55425.0418,1.0526
87.0917,1.8794,55428.3762,1.0526
87.1518,1.8788,54874.8165,1.0526
87.1476,1.8788,54901.2292,1.0526
87.1429,1.879,55289.7842,1.0526
87.1429,1.8789,54937.5325,1.0526
87.3114,1.8777,55227.0966,1.0525
87.0994,1.8793,55350.4304,1.0526
87.1801,1.8787,55268.932,1.0526
87.0576,1.8798,55772.8392,1.0527
76.21,0.9308,650.0,0.9937
13.44,0.8582,20.0,0.9908
72.03,0.9257,3.0,0.9935
10.0,0.9968,58117.5252,0.9928
10.0,0.8541,20.0,0.9906
10.0,0.8543,86.0,0.9906
10.0,0.8538,30.0,0.9906
