SITIO,DBO_mg/L,DQO_mg/L,SST_mg/L,COLI_FEC_NMP_100mL,E_COLI_NMP_100mL,OD_PORC,TOX_D_48_UT,TOX_V_15_UT
921.0,2.0,10.0,21.2,288.0,41.0,72.8,1.0,1.0
1456.0,112.0,173.64,40.9,241960.0,241960.0,28.0,1.0,1.308
905.0,5.5,64.59,45.5,695.0,3.0,81.42,1.0,1.0
627.0,4.718,19.242,10.3,3.0,3.0,90.64,1.248,1.206
118.0,10.306,18.21,10.0,52.0,27.4,88.84,1.0,1.0
613.0,7.653,20.739,10.0,24196.0,1396466.4,78.56,1.0,1.0
765.0,6.799,29.436,11.5,24196.0,62311.8,69.08,1.0,1.704
610.0,5.106,19.242,14.4,3.0,3.0,91.86,1.0,1.126
609.0,4.718,19.242,11.1,3.0,3.0,90.64,1.248,1.206
602.0,4.718,19.242,12.2,3.0,3.0,90.64,1.248,1.206
603.0,12.713,24.265,13.0,10.0,4.4,76.2,1.0,1.084
123.0,10.94,32.452,61.2,24196.0,17391.2,75.46,1.0,1.0
124.0,3.356,10.0,16.4,3.0,3.0,100.3,1.248,1.08
125.0,31.94,41.456,52.9,3.0,9.2,64.56,1.302,1.0
170.0,2.7,16.712,33.2,1664.0,309.0,102.48,1.0,1.0
121.0,49.724,80.514,14.6,31.0,5.8,47.32,1.0,1.0
120.0,4.718,19.242,10.0,3.0,3.0,90.64,1.248,1.206
122.0,4.718,19.242,12.5,3.0,3.0,90.64,1.248,1.206
392.0,20.148,30.488,23.0,3.0,3.2,83.7,1.0,1.0
312.0,4.718,19.242,10.0,3.0,3.0,90.64,1.248,1.206
183.0,10.326,18.186,20.5,148.0,72.0,69.46,1.0,1.0
127.0,18.27,28.248,29.5,3.0,3.8,81.14,1.0,1.0
128.0,3.356,10.0,16.1,3.0,3.0,107.36,1.0,1.126
1092.0,10.276,26.61,10.0,43.0,19.8,65.8,1.0,1.0
566.0,22.426,33.96,21.0,9.0,4.0,73.66,1.0,1.0
401.0,18.27,28.248,30.0,3.0,3.8,81.14,1.0,1.0
1711.0,33.736,42.018,43.0,3.0,7.8,80.66,1.0,1.0
947.0,3.67,10.0,44.0,210.0,28.0,53.44,1.0,1.0
946.0,4.69,18.06,23.0,2400.0,2400.0,84.6,1.0,1.0
948.0,5.68,22.72,126.0,1100.0,1100.0,58.7,1.0,1.0
949.0,4.48,21.44,29.0,2400.0,2400.0,75.0,1.0,1.0
950.0,5.53,43.13,173.0,2400.0,460.0,57.76,1.036,1.776
235.0,2.13,27.96,19.0,2400.0,2400.0,79.2,1.0,1.0
362.0,131.25,231.23,42.6,2419600.0,2419600.0,17.48,1.6,1.95
233.0,2.0,10.0,10.0,435.0,3.0,66.0,1.0,1.0
864.0,4.12,12.54,10.0,4884.0,31.0,84.82,1.0,1.0
1090.0,2.0,16.72,25.0,2755.0,3.0,98.94,1.0,1.0
865.0,2.0,10.0,25.2,384.0,3.0,75.92,1.0,1.0
866.0,2.0,10.0,10.0,345.0,3.0,87.38,1.0,1.0
861.0,2.0,18.39,10.0,1607.0,3.0,98.62,1.0,1.0
862.0,2.0,10.0,18.9,2768.0,31.0,95.88,1.0,1.0
863.0,2.0,17.56,10.0,881.15,10.0,116.32,1.0,1.084
73.0,2.0,10.0,10.0,1782.0,3.0,104.26,1.0,1.0
74.0,2.0,10.0,10.0,2359.0,3.0,67.38,1.0,1.0
75.0,2.0,10.0,10.0,663.0,3.0,96.08,1.0,1.0
616.0,7.38,32.968,39.1,24196.0,24196.0,68.7,1.0,1.49
205.0,5.76,16.362,92.1,11199.0,472.6,62.52,1.0,1.0
563.0,3.7,20.9,10.0,1320.0,630.0,48.0,1.0,1.0
220.0,58.56,89.37,22.0,120.0,75.0,62.62,1.0,1.0
1674.0,123.75,187.64,70.4,241960.0,241960.0,12.22,1.0,2.12
958.0,47.4,61.92,44.0,120.0,39.0,62.0,1.0,1.0
957.0,20.82,38.4,16.0,460.0,240.0,55.08,1.0,1.0
234.0,21.9,35.04,20.0,2400.0,460.0,63.56,1.0,1.0
438.0,93.91,162.84,38.0,460.0,150.0,65.6,1.0,1.0
538.0,81.61,144.71,44.0,1100.0,120.0,80.84,1.0,1.0
966.0,2.0,10.0,114.2,11199.0,85.0,60.92,1.0,1.0
1318.0,2.0,118.26,92.3,24196.0,24196.0,53.64,1.0,1.0
938.0,26.3497,85.4603,239.2342,638893.7171,79314.6654,67.3441,1.0542,1.8991
940.0,26.3497,85.4603,239.2342,638893.7171,79314.6654,67.3441,1.0542,1.8991
939.0,26.3497,85.4603,239.2342,638893.7171,79314.6654,67.3441,1.0542,1.8991
941.0,26.3497,85.4603,239.2342,638893.7171,79314.6654,67.3441,1.0542,1.8991
942.0,26.3497,85.4603,239.2342,638893.7171,79314.6654,67.3441,1.0542,1.8991
944.0,26.3497,85.4603,239.2342,638893.7171,79314.6654,67.3441,1.0542,1.8991
943.0,26.3497,85.4603,239.2342,638893.7171,79314.6654,67.3441,1.0542,1.8991
1583.0,65.0,101.59,24.0,24196.0,24196.0,24.56,1.0,1.0
50.0,36.8,85.44,57.5,6488.0,1624.0,86.3,1.0,1.0
501.0,2.0,27.98,10.0,98.0,10.0,66.72,1.0,1.0
499.0,4.42,23.74,29.3,241.0,62.0,56.86,1.0,1.0
498.0,2.0,30.49,19.2,86.0,3.0,56.82,1.0,1.0
500.0,2.0,27.14,14.8,122.0,10.0,66.72,1.0,1.0
1567.0,488.0,614.87,88.0,24196.0,24196.0,14.34,1.0,19.61
614.0,10.276,26.61,16.0,40.0,19.8,65.8,1.0,1.0
615.0,16.186,27.772,37.9,90.0,31.6,47.26,1.0,1.0
547.0,10.276,26.61,13.0,40.0,19.8,65.8,1.0,1.0
548.0,2.0,17.15,10.0,1500.0,290.8,77.78,1.0,1.0
556.0,3.86,21.21,10.0,3.0,3.0,104.22,1.248,1.29
557.0,5.43,29.54,13.0,3.0,3.0,73.64,1.0,1.084
379.0,2.0,13.736,19.0,750.0,167.4,74.08,1.0,1.0
380.0,3.22,20.902,18.0,1200.0,10211.8,70.6,1.0,1.0
1172.0,7.653,20.739,10.0,24196.0,1396466.4,78.56,1.0,1.0
828.0,2.0,27.88,10.0,750.0,430.0,64.4,1.0,1.0
830.0,2.0,26.63,11.0,3.0,3.0,97.18,1.248,1.29
829.0,2.0,28.29,10.0,3.0,3.0,97.18,1.248,1.29
831.0,2.0,30.79,40.0,1500.0,750.0,72.28,1.0,1.0
767.0,6.714,30.898,300.0,1500.0,610.8,83.12,1.0,1.0
496.0,2.0,29.54,14.0,930.0,230.0,69.94,1.0,1.0
497.0,2.0,31.63,11.0,2400.0,1500.0,49.4,1.0,1.46
695.0,25.38,44.74,26.0,210.0,210.0,56.62,1.0,1.0
643.0,23.28,50.34,10.0,43.0,43.0,83.62,1.0,1.0
565.0,2.0,24.96,29.0,3.0,3.0,83.94,1.0,1.084
918.0,2.57,27.88,13.0,3.0,3.0,97.18,1.248,1.29
423.0,16.98,29.04,30.0,240.0,240.0,59.16,1.0,1.0
1668.0,23.28,35.7,18.0,150.0,75.0,78.66,1.0,1.0
964.0,27.9,34.75,10.0,23.0,23.0,68.64,1.0,1.0
965.0,19.98,26.66,12.0,210.0,120.0,59.76,1.0,1.0
845.0,104.11,198.46,56.0,2400.0,2400.0,17.74,1.042,2.44
844.0,60.72,134.85,18.0,2400.0,2400.0,17.74,1.042,2.44
843.0,27.12,35.82,16.0,2400.0,1100.0,60.5,1.0,1.0
842.0,408.0,588.7,10.0,2400.0,1100.0,46.62,1.04,1.83
1158.0,7.653,20.739,10.0,24196.0,1396466.4,78.56,1.0,1.0
535.0,6.2,23.41,10.0,24196.0,24196.0,83.36,1.0,1.0
536.0,4.02,38.18,10.0,1439.0,52.0,84.58,1.0,1.0
537.0,4.46,32.97,10.0,1725.0,235.0,97.52,1.0,1.0
889.0,2.0,29.13,10.0,3.0,3.0,97.18,1.248,1.29
890.0,2.0,28.71,10.0,3.0,3.0,97.18,1.248,1.29
891.0,2.0,30.38,10.0,3.0,3.0,90.24,1.248,1.29
1161.0,2.0,31.63,10.0,230.0,3.0,66.16,1.0,1.0
890.0,2.0,25.79,10.0,40.0,3.0,86.72,1.0,1.0
853.0,2.0,43.71,10.0,430.0,150.0,62.26,1.0,1.0
854.0,2.0,27.04,10.0,90.0,40.0,80.24,1.0,1.04
856.0,2.0,31.21,10.0,140.0,90.0,70.6,1.0,1.0
852.0,2.0,33.29,10.0,3.0,3.0,74.36,1.248,1.164
855.0,2.0,29.96,10.0,3.0,3.0,83.82,1.248,1.164
1169.0,16.104,32.876,10.0,218.0,134.6,53.9,1.0,1.0
1130.0,9.2,56.82,92.8,24196.0,15531.0,76.0,1.0,1.0
568.0,2.0,10.0,13.2,288.0,52.0,72.8,1.0,1.0
567.0,2.0,10.0,15.2,3.0,3.0,105.3,1.248,1.206
569.0,2.0,10.0,35.4,3.0,3.0,105.02,1.248,1.206
481.0,2.0,15.34,62.2,1019.0,364.0,74.28,1.0,1.0
473.0,11.8,39.46,15.5,504.0,3.0,79.92,1.0,1.0
732.0,2.0,51.77,11.0,379.0,41.0,85.52,1.0,1.0
477.0,19.2,56.97,27.7,1870.0,200.0,82.46,1.0,1.0
736.0,12.9,37.92,13.3,2046.0,10.0,95.36,1.0,1.0
478.0,16.4,66.13,49.5,4710.0,310.0,97.44,1.0,1.0
480.0,14.3,63.64,30.3,213.0,20.0,50.26,1.0,1.0
479.0,2.0,19.6,14.8,1296.0,10.0,73.1,1.0,1.0
476.0,2.0,33.74,17.4,1396.0,3.0,82.46,1.0,1.0
731.0,11.5,37.67,41.3,1616.0,3.0,98.62,1.0,1.0
471.0,2.0,10.0,32.3,708.0,10.0,72.7,1.0,1.0
735.0,11.7,45.18,18.2,1100.0,100.0,56.05,1.0,1.0
474.0,12.1,51.51,68.5,980.0,200.0,66.22,1.0,1.0
734.0,2.0,11.93,57.5,4960.0,100.0,88.12,1.0,1.0
475.0,2.0,45.18,37.1,3873.0,3.0,70.08,1.0,1.0
730.0,13.1,33.56,76.4,860.0,200.0,66.46,1.0,1.0
733.0,5.0,10.0,61.3,776.0,189.0,70.2,1.0,1.0
472.0,2.0,10.0,24.3,146.0,86.0,77.08,1.0,1.0
505.0,2.0,10.0,10.0,10.0,3.0,104.22,1.248,1.29
507.0,2.0,10.0,10.0,211.0,146.0,72.64,1.0,1.0
506.0,2.0,10.0,10.0,3.0,3.0,105.3,1.248,1.206
812.0,15.4,21.84,11.2,85.0,41.0,73.44,1.0,1.0
813.0,2.0,10.0,10.0,262.0,41.0,59.66,1.0,1.0
814.0,2.0,10.0,10.0,336.0,3.0,87.38,1.0,1.0
425.0,2.0,10.0,10.0,31.0,20.0,97.52,1.0,1.084
644.0,2.0,10.0,10.0,185.0,161.0,79.62,1.0,1.0
241.0,10.1,126.64,38.3,19863.0,633.0,95.8,1.0,1.0
468.0,17.9,102.28,51.8,24196.0,142.0,92.0,1.0,1.0
470.0,7.1,81.69,86.6,8840.0,200.0,77.6,1.0,1.0
469.0,78.6,105.62,33.0,4106.0,3.0,53.54,1.0,1.0
825.0,2.0,10.0,10.0,1872.0,63.0,85.88,1.0,1.0
824.0,9.52,12.72,17.6,3654.0,1137.0,80.66,1.0,1.0
823.0,2.0,10.0,11.2,1259.0,52.0,73.1,1.0,1.0
439.0,2.0,10.0,10.0,97.0,52.0,82.04,1.0,1.04
243.0,4.92,105.44,30.7,24196.0,185.0,92.0,1.0,1.0
440.0,2.0,10.0,10.0,246.0,109.0,61.16,1.0,1.0
441.0,4.02,14.21,10.0,393.0,121.0,78.8,1.0,1.0
242.0,7.82,69.13,36.6,3873.0,62.0,84.02,1.0,1.0
517.0,2.0,10.184,19.3,3873.0,382.2,96.36,1.0,1.0
519.0,9.366,17.954,40.2,63.0,27.4,74.74,1.0,1.0
728.0,5.43,30.755,14.35,196.5,3.0,71.94,1.0,1.0
827.0,9.4,24.24,20.3,20.0,3.0,71.94,1.0,1.084
826.0,10.9,12.54,11.2,10.0,3.0,98.38,1.248,1.164
352.0,2.432,18.474,10.0,2495.0,460.0,102.62,1.0,1.0
931.0,7.2,10.0,10.0,218.0,3.0,66.16,1.0,1.0
932.0,2.0,10.0,10.0,384.0,20.0,85.52,1.0,1.0
935.0,2.0,10.0,10.0,529.0,3.0,79.92,1.0,1.0
933.0,2.0,10.0,10.0,189.0,10.0,81.74,1.0,1.0
934.0,2.0,72.03,10.0,1430.0,10.0,85.74,1.0,1.0
936.0,2.0,10.0,14.6,110.0,3.0,68.24,1.0,1.04
937.0,2.0,10.97,10.0,520.0,3.0,79.92,1.0,1.0
1448.0,2.266,44.044,34.4,393.0,186.0,75.86,1.0,1.0
1447.0,9.768,19.664,10.2,520.0,123.4,75.48,1.0,1.0
269.0,2.7,16.712,20.6,1664.0,309.0,102.48,1.0,1.0
1446.0,25.536,54.788,17.8,2382.0,1367.0,56.96,1.0,1.0
502.0,3.58,10.0,10.0,2354.0,253.0,67.76,1.0,1.0
434.0,5.26,17.986,20.9,6488.0,246.6,108.04,1.0,1.0
561.0,2.0,10.0,10.0,161.0,3.0,79.58,1.0,1.0
562.0,6.76,10.0,10.0,199.0,3.0,72.18,1.0,1.0
738.0,2.0,16.64,57.4,24196.0,31.0,84.76,1.218,1.0
513.0,2.0,10.0,68.2,556.0,68.6,92.48,1.0,1.0
514.0,2.944,24.93,40.0,295.0,147.8,89.5,1.0,1.0
512.0,25.074,34.37,68.9,504.0,327.0,43.56,1.0,1.0
511.0,17.98,35.466,40.4,1112.0,444.0,48.28,1.0,1.0
744.0,3.6,30.31,38.3,4611.0,2111.4,75.76,1.0,1.0
190.0,2.944,26.424,22.3,279.0,154.6,85.62,1.0,1.0
253.0,20.434,27.74,21.0,52.0,31.4,88.52,1.0,1.0
516.0,2.0,20.652,24.6,355.0,76.8,84.3,1.0,1.0
344.0,6.16,15.242,10.9,2247.0,397.6,101.7,1.0,1.0
318.0,16.018,25.978,10.0,448.0,247.0,70.18,1.0,1.0
315.0,43.13,75.153,1423.09,116050.0,63508.6,69.08,1.308,1.962
142.0,7.45,38.828,236.37,15000.0,5833.5,83.85,1.0,1.0
320.0,661.55,2381.18,397.88,108584.0,106804.0,17.06,2.922,29.962
321.0,41.334,101.74,415.14,19680.0,19680.0,27.9,1.0,1.0
1088.0,60.2,162.83,117.78,23000000.0,16786.0,23.1,1.876,1.37
66.0,66.0,196.51,412.5,11000.0,4600.0,51.68,1.0,1.0
913.0,12.67,33.71,22.0,430.0,230.0,55.08,1.0,1.0
1631.0,2.0,71.21,18.0,430.0,230.0,59.4,1.0,1.0
945.0,3.5,75.38,16.0,110.0,70.0,69.92,1.0,1.0
1630.0,2.0,61.63,15.0,210.0,110.0,66.78,1.0,1.0
1629.0,2.0,63.71,10.0,230.0,90.0,62.06,1.0,1.0
12.0,540.0,895.88,440.0,24000.0,24000.0,18.08,1.63,1.0
1085.0,760.0,1426.06,500.0,2400.0,230.0,28.22,9.17,13.51
690.0,10.76,18.67,10.0,15089.6,1417508.8,76.68,1.0,1.0
691.0,99.2,170.16,102.0,150242.0,81057.6,28.6,1.0,1.68
908.0,22.67,73.71,21.0,24000.0,24000.0,35.22,1.0,1.0
668.0,19.8,39.21,16.0,11615.0,90.0,62.1,1.0,1.0
112.0,126.67,185.09,104.7,24000.0,24000.0,26.2,1.0,3.076
111.0,145.0,225.09,166.7,24000.0,24000.0,22.1,1.0,10.472
206.0,1680.0,2800.0,265.0,387300.0,34500.0,35.2,1.0,1.136
408.0,182.0,721.67,504.0,241960.0,43520.0,54.1,2.73,17.24
963.0,22.5,32.37,82.0,43.0,15.0,64.94,1.302,1.0
172.0,2.0,10.0,40.5,1250.0,10.0,73.1,1.0,1.0
404.0,2.0,10.0,10.0,586.0,97.0,92.48,1.0,1.0
666.0,20.148,30.488,24.0,3.0,3.2,83.7,1.0,1.0
559.0,18.984,30.82,29.0,93.0,34.2,59.82,1.0,1.0
558.0,20.262,30.058,28.0,3.0,4.0,82.64,1.0,1.0
664.0,21.102,35.674,28.0,9.0,6.2,80.44,1.0,1.0
665.0,24.918,34.626,32.0,7.0,3.8,87.48,1.0,1.0
80.0,33.952,48.904,32.0,23.0,7.0,77.68,1.0,1.0
760.0,15.906,38.456,286.0,3.0,24.0,68.12,1.302,1.0
1619.0,38.736,53.346,36.0,23.0,10.2,70.14,1.0,1.0
1624.0,12.534,23.086,17.0,9.0,4.0,77.54,1.0,1.0
1623.0,25.184,35.208,113.0,3.0,10.4,58.5,1.302,1.0
1618.0,18.27,28.248,30.0,3.0,3.8,81.14,1.0,1.0
1622.0,33.736,42.018,44.0,3.0,7.8,80.66,1.0,1.0
1621.0,31.672,39.404,48.0,3.0,7.8,67.78,1.0,1.0
1625.0,24.918,34.626,35.0,3.0,3.8,87.48,1.0,1.0
1620.0,18.27,28.248,26.0,3.0,3.8,81.14,1.0,1.0
612.0,18.27,28.248,30.0,3.0,3.8,81.14,1.0,1.0
126.0,29.314,39.068,41.0,3.0,7.8,76.3,1.0,1.0
55.0,25.184,35.208,59.0,3.0,10.4,58.5,1.302,1.0
1059.0,24.918,34.626,34.0,3.0,3.8,87.48,1.0,1.0
769.0,33.736,42.018,45.0,3.0,7.8,80.66,1.0,1.0
667.0,17.98,35.466,44.0,1100.0,444.0,48.28,1.0,1.0
716.0,25.184,35.208,66.0,23.0,10.4,58.5,1.302,1.0
718.0,18.304,32.172,53.0,1100.0,181.8,68.24,1.0,1.0
717.0,24.39,33.882,55.0,460.0,327.0,44.1,1.0,1.0
1706.0,24.918,34.626,35.0,3.0,3.8,87.48,1.0,1.0
719.0,18.27,28.248,32.0,3.0,3.8,81.14,1.0,1.0
546.0,14.97,25.7,14.0,1100.0,240.0,64.04,1.0,1.0
522.0,14.97,23.91,10.0,210.0,120.0,59.76,1.0,1.0
521.0,20.16,26.84,10.0,43.0,23.0,81.82,1.0,1.0
520.0,21.24,28.3,14.0,3.0,3.0,68.1,1.0,1.084
1708.0,15.54,24.4,12.0,3.0,3.0,73.64,1.0,1.084
880.0,2.0,14.49,10.0,2400.0,1100.0,63.04,1.0,1.0
925.0,5.53,51.15,10.0,1100.0,20.0,70.49,1.0,1.0
840.0,2.0,37.47,10.0,2400.0,1100.0,63.04,1.0,1.0
531.0,2.0,25.35,14.6,931.0,255.2,70.98,1.0,1.0
663.0,6.93,15.08,33.1,160.0,87.2,58.66,1.0,1.0
158.0,7.329,34.241,10.0,12350.0,8161.5,51.35,1.0,1.0
308.0,2.944,24.93,14.85,293.5,147.8,89.5,1.0,1.0
553.0,2.944,24.93,13.0,292.0,147.8,89.5,1.0,1.0
554.0,2.7,16.712,22.65,1673.5,309.0,102.48,1.0,1.0
552.0,13.808,22.944,10.0,504.0,129.4,67.32,1.0,1.0
555.0,6.685,25.979,10.0,12170.0,6788.8,49.9,1.0,1.0
137.0,12.826,23.498,46.0,93.0,54.8,42.38,1.0,1.0
1093.0,15.09,19.2,23.0,75.0,30.0,66.72,1.0,1.04
1555.0,18.67,50.38,34.0,24000.0,15120.0,27.6,1.0,1.0
800.0,12.33,67.04,75.0,3.0,3.0,58.5,1.302,1.0
797.0,46.0,136.63,62.18,210.0,110.0,50.74,1.152,1.0
796.0,13.67,50.38,56.0,930.0,210.0,64.34,1.0,1.0
801.0,8.33,33.71,12.0,4600.0,2400.0,75.74,1.0,1.0
799.0,7.5,35.79,27.0,230.0,40.0,59.64,1.0,1.0
798.0,8.75,32.88,23.0,2100.0,230.0,109.66,1.0,1.0
802.0,12.67,69.13,14.0,430.0,150.0,68.38,1.0,1.0
633.0,51.514,126.846,70.55,2306519.8,5632.4,12.4,1.0,1.0
634.0,57.952,236.696,75.76,485747.0,485381.8,10.0,1.0,1.0
635.0,57.952,236.696,75.76,485747.0,485381.8,10.0,1.0,1.0
636.0,4.14,21.104,60.98,10806.2,2033.6,95.9,1.0,1.0
148.0,86.89,331.188,222.3,767799.8,767198.0,10.0,1.0,22.138
149.0,11.3,27.813,55.7,58598.4,6790.2,56.4,1.0,1.0
147.0,103.27,210.87,205.74,2112486.1,8002.8,15.6,1.0,1.386
699.0,5.2,37.848,938.84,21851.4,11136.8,98.1,1.0,1.0
700.0,3.38,17.412,28.46,2440.2,860.2,92.1,1.0,1.0
698.0,6.96,19.018,1249.34,41311.4,10037.4,88.5,1.0,1.0
1032.0,4.974,26.41,31.86,15220.4,14630.2,68.0,1.0,1.0
998.0,5.16,18.844,52.44,8301.8,3402.8,43.0,1.0,1.0
1057.0,2.9,19.66,63.1,10432.2,2884.6,60.4,1.0,1.0
697.0,5.896,13.064,145.8,22645.0,3769.2,94.3,1.0,1.0
39.0,2.604,17.018,25.6,16096.0,14599.6,99.3,1.0,1.0
26.0,7.13,20.186,130.75,43319.7,16091.9,100.7,1.0,1.0
1585.0,4.58,41.0,874.24,3873.0,545.8,28.0,1.0,1.0
1586.0,14.276,68.0,54.22,24196.0,15744.4,72.0,1.218,1.0
751.0,26.3497,85.4603,239.2342,638893.7171,79314.6654,67.3441,1.0542,1.8991
752.0,26.3497,85.4603,239.2342,638893.7171,79314.6654,67.3441,1.0542,1.8991
1060.0,26.3497,85.4603,239.2342,638893.7171,79314.6654,67.3441,1.0542,1.8991
1612.0,26.3497,85.4603,239.2342,638893.7171,79314.6654,67.3441,1.0542,1.8991
136.0,26.3497,85.4603,239.2342,638893.7171,79314.6654,67.3441,1.0542,1.8991
216.0,26.3497,85.4603,239.2342,638893.7171,79314.6654,67.3441,1.0542,1.8991
169.0,26.3497,85.4603,239.2342,638893.7171,79314.6654,67.3441,1.0542,1.8991
385.0,26.3497,85.4603,239.2342,638893.7171,79314.6654,67.3441,1.0542,1.8991
47.0,14.342,37.734,62.98,11949.8,6455.6,71.2,1.0,1.0
1647.0,25.398,49.32,187.38,14909.6,9923.4,74.4,1.0,1.0
189.0,8.642,21.486,25.7,2547.0,755.2,53.2,1.0,1.0
199.0,11.148,29.2,126.38,57610.0,54284.8,79.4,1.0,1.0
105.0,7.552,23.048,102.08,18334.6,7286.4,87.2,1.0,1.0
1645.0,35.324,48.434,51.44,10644.0,5569.6,74.8,1.0,1.0
1642.0,4.672,19.772,62.4,4751.4,1478.4,72.1,1.0,1.0
1644.0,9.828,29.202,75.62,12867.2,10048.2,64.1,1.0,1.0
72.0,224.4,435.49,113.85,25750000.0,21045000.0,23.1,1.876,1.37
131.0,5.106,19.242,11.2,3.0,3.0,84.8,1.248,1.08
1581.0,35.2,35.2,10.0,28510000.0,27550000.0,23.1,1.876,1.37
1570.0,2.46,10.0,42.0,9359.4,5078.2,93.32,1.0,1.0
1571.0,2.8,10.0,32.0,9556.2,3024.4,86.68,1.0,1.0
975.0,5.053,19.07,53.16,40459.75,17801.8,98.5,1.0,1.0
130.0,26.3497,85.4603,239.2342,638893.7171,79314.6654,67.3441,1.0542,1.8991
326.0,26.3497,85.4603,239.2342,638893.7171,79314.6654,67.3441,1.0542,1.8991
1641.0,4.564,12.38,79.56,14123.2,9852.0,99.4,1.0,1.0
1660.0,26.3497,85.4603,239.2342,638893.7171,79314.6654,67.3441,1.0542,1.8991
1697.0,7.8,40.92,73.5,52.0,3.0,64.94,1.302,1.0
1698.0,4.4,17.64,57.1,41.0,10.0,68.2,1.302,1.0
901.0,8.987,20.124,191.21,46000.0,16884.4,75.04,1.0,1.0
1635.0,47.04,59.02,16.0,2400.0,1100.0,59.94,1.0,1.0
1634.0,323.33,441.38,44.0,210.0,120.0,39.72,1.152,1.0
503.0,494.0,639.15,360.0,1100.0,1100.0,67.66,1.0,1.0
504.0,420.0,553.32,320.0,460.0,460.0,43.34,1.0,3.18
902.0,10.355,30.0,11.5,3505.5,2440.5,63.76,1.0,1.0
903.0,7.01,17.97,17.5,3937.5,2072.0,62.36,1.0,1.0
904.0,2.0,10.0,10.0,1187.0,435.0,48.14,1.0,1.0
1603.0,18.74,44.986,259.51,145172.8,99315.75,62.72,1.308,1.0
495.0,2.0,27.63,10.0,4895.2,10.0,71.48,1.0,1.0
490.0,2.0,34.53,10.0,4895.2,6.0,71.48,1.0,1.0
492.0,2.0,20.72,10.0,4896.75,3.0,94.3,1.0,1.084
489.0,2.0,20.72,10.0,4896.75,3.0,94.3,1.0,1.084
494.0,2.0,20.72,10.0,4896.75,9.0,94.3,1.0,1.084
488.0,2.0,27.63,10.0,4895.2,8.0,71.48,1.0,1.0
493.0,2.0,20.72,10.0,4896.75,8.0,94.3,1.0,1.084
487.0,2.0,27.63,10.0,4895.2,3.0,71.48,1.0,1.0
486.0,2.0,34.53,10.0,4895.2,3.0,71.48,1.0,1.0
202.0,2.0,18.226,10.0,5172.6,40.0,71.12,1.0,1.0
201.0,2.0,17.418,10.0,4308.6,30.0,90.3,1.0,1.0
150.0,909.91,1622.54,640.0,40920.4,6000.0,82.36,1.0,1.0
785.0,24.654,43.558,55.2,284.4,24.0,82.12,1.0,1.0
94.0,24.634,32.324,32.6,241.4,7.0,70.06,1.0,1.0
174.0,24.654,43.558,55.2,284.4,24.0,82.12,1.0,1.0
95.0,26.776,47.528,36.68,1120.4,17.0,75.6,1.0,1.0
57.0,2.0,18.226,13.7,6590.2,40.0,63.28,1.0,1.0
96.0,16.596,31.224,45.52,803.2,9.0,74.44,1.0,1.0
815.0,2.333,10.0,10.0,12037.0,4875.6,70.64,1.0,1.0
808.0,4.26,10.0,819.18,4000.0,418.0,57.16,1.0,1.0
1694.0,8.14,12.206,131.56,13117.0,985.75,93.9,1.0,1.0
152.0,36.615,96.28,28.0,60075000.0,150000.0,47.5,1.876,1.37
116.0,120.5,164.755,13.5,550000075000.0,150000.0,100.5,2.202,6.298
286.0,21.4,75.64,14.0,46000000.0,26500000.0,76.6,1.876,1.37
285.0,26.65,102.1,20.0,240000.0,20120000.0,93.0,1.31,1.364
549.0,2.0,89.88,32.0,390000.0,390000.0,41.02,1.0,1.5
550.0,2.0,10.0,10.0,930000.0,930000.0,30.74,1.37,3.392
551.0,2.0,14.98,10.0,210000.0,210000.0,36.48,1.0,1.308
143.0,99.835,222.08,60.0,43.0,57.5,11.9,1.0,1.0
1547.0,2.0,32.8915,10.0,64.0,32.0,68.5,1.0,1.0
1241.0,10.535,104.525,17.0,93000.0,49955.0,48.7,1.0,3.044
155.0,7.23,76.355,10.0,24000.0,2240.75,60.2,1.0,1.0
176.0,3.74,10.0,10.0,25745.6,10000.0,71.26,1.0,1.0
175.0,5.1,144.0,26.0,4641.6,1000.0,66.58,1.0,1.0
1243.0,4.23,10.0,10.0,11500375000.0,11500000467.5,78.5,2.202,6.298
1242.0,6.27,75.54,20.0,1204500000000.0,4500040000.0,64.5,2.202,6.298
101.0,7.445,29.24,13.5,46500046500.0,46500005500.0,75.1,2.202,6.298
144.0,4.93,37.77,24.0,136918.4,160000.0,57.2,1.0,1.0
1239.0,7.95,64.8,14.0,24000000000.0,12000115000.0,70.3,2.202,6.298
1244.0,10.32,38.585,52.0,9300.0,184650.0,56.7,1.0,1.0
1240.0,2.78,24.425,30.0,11500000200.0,23000000000.0,51.0,2.202,6.298
1238.0,2.75,10.0,32.0,19500000450.0,39000000000.0,50.3,2.202,6.298
1549.0,3.23,18.79,21.5,75000.0,11635.0,69.6,1.0,1.0
1245.0,7.51,38.21,14.5,230200.0,150000.0,96.4,1.0,1.0
1550.0,4.655,11.845,41.0,120000.0,11570.0,60.0,1.0,1.962
145.0,88.7,143.345,13.5,119000.0,210000.0,75.1,1.0,1.0
482.0,5.72,30.595,10.5,43.0,24.0,79.0,1.0,1.0
1665.0,5.36,23.45,10.5,23.0,3.5,81.5,1.0,1.084
485.0,6.02,23.925,10.0,75.0,11.5,72.38,1.0,1.04
484.0,7.94,24.64,10.0,9.0,7.5,73.64,1.0,1.084
491.0,5.42,20.355,10.0,23.0,15.0,81.5,1.0,1.084
483.0,5.06,29.405,10.0,23.0,6.5,67.64,1.0,1.084
1662.0,8.99,22.2,10.0,93000.0,64000.0,47.5,1.0,3.044
217.0,2.0,10.0,10.0,150000.0,75000.0,44.1,1.308,1.0
218.0,10.002,29.432,54.68,11949.8,8335.6,71.3,1.0,1.0
1008.0,2.03,10.0,10.0,240000.0,120000.0,80.2,1.0,1.0
59.0,2.0,10.0,44.0,210000.0,93000.0,89.4,1.0,1.0
1209.0,4.53,22.47,40.0,640000.0,640000.0,92.3,1.0,1.328
1663.0,9.19,22.2,10.0,240000.0,120000.0,45.7,1.0,1.0
225.0,19.5,52.53,24.0,230000.0,230000.0,26.0,1.0,1.308
841.0,10.43,44.94,10.0,1200000.0,1200000.0,30.74,1.37,3.392
1210.0,4.93,74.9,56.0,280000.0,280000.0,90.0,1.0,1.308
1511.0,19.7,83.7,18.0,64.0,23.0,20.1,1.0,1.0
1434.0,2.0,10.0,44.0,750000.0,750000.0,68.1,1.37,2.054
959.0,2.0,91.31,10.0,9300.0,9300.0,54.67,1.0,1.0
960.0,2.0,53.26,10.0,1200.0,1200.0,55.08,1.0,1.0
1699.0,7.0,30.44,18.0,4600.0,4600.0,79.1,1.0,1.0
962.0,2.0,22.83,10.0,4.0,4.0,104.22,1.248,1.29
961.0,5.18,91.31,10.0,240.0,240.0,52.62,1.0,1.0
1373.0,89.0,167.4,320.0,210.0,210.0,71.5,1.152,1.0
1237.0,7.067,104.9,162.0,43000.0,43000.0,61.8,1.0,1.0
1377.0,74.0,104.86,200.0,46000.0,46000.0,61.4,1.0,1.0
1375.0,2.0,10.0,14.0,43.0,14.0,50.2,1.0,1.0
810.0,2.0,29.96,10.0,7000.0,7000.0,60.85,1.0,1.0
896.0,2.0,22.47,16.0,23000.0,23000.0,68.36,1.0,1.0
787.0,23.0,89.88,24.0,7000.0,7000.0,60.85,1.0,1.0
1376.0,2.0,22.83,10.0,11000.0,11000.0,54.2,1.0,1.0
1374.0,50.6,89.99,202.0,460000.0,460000.0,59.3,1.0,1.322
324.0,2.0,68.48,10.0,11000.0,2400.0,53.9,1.0,1.0
1594.0,2.0,22.83,10.0,43.0,4.0,60.1,1.0,1.0
43.0,2.0,15.22,10.0,2400.0,2400.0,78.4,1.0,1.0
53.0,19.1,60.87,10.0,2100.0,2100.0,69.7,1.0,1.0
970.0,16.8,60.87,82.0,43000.0,43000.0,12.4,1.0,1.0
971.0,19.4,60.87,10.0,1500.0,1500.0,40.7,1.0,1.0
906.0,11.28,20.3,10.0,93.0,93.0,60.28,1.0,1.0
907.0,10.32,22.66,10.0,23.0,9.0,76.16,1.0,1.084
874.0,6.12,19.52,14.0,23.0,23.0,81.5,1.0,1.084
878.0,12.54,23.32,10.0,9.0,3.0,73.64,1.0,1.084
727.0,27.9,37.44,20.0,3.0,3.0,54.52,1.0,1.0
725.0,29.28,37.92,34.0,7.0,7.0,59.84,1.0,1.0
726.0,30.72,34.56,26.0,15.0,9.0,63.5,1.0,1.0
724.0,28.14,31.68,26.0,43.0,15.0,72.08,1.0,1.0
722.0,13.77,23.04,14.0,120.0,15.0,69.46,1.0,1.0
723.0,12.09,23.52,10.0,15.0,3.0,76.16,1.0,1.084
721.0,14.34,29.76,14.0,3.0,3.0,68.1,1.0,1.084
720.0,12.57,23.04,12.0,3.0,3.0,73.64,1.0,1.084
875.0,11.73,22.85,14.0,4.0,4.0,73.64,1.0,1.084
877.0,12.51,19.52,10.0,3.0,3.0,97.04,1.0,1.21
876.0,10.62,21.9,10.0,3.0,3.0,89.4,1.248,1.164
710.0,14.76,20.01,14.0,75.0,39.0,78.66,1.0,1.04
811.0,16.29,22.45,12.0,15.0,15.0,76.16,1.0,1.084
179.0,19.92,26.35,16.0,28.0,20.0,67.14,1.0,1.0
709.0,15.21,27.61,12.0,23.0,9.0,68.1,1.0,1.084
354.0,22.32,29.51,12.0,23.0,23.0,71.02,1.0,1.0
178.0,54.12,73.2,12.0,460.0,43.0,66.88,1.0,1.0
249.0,20.7,28.79,10.0,43.0,43.0,88.14,1.0,1.0
180.0,11.52,20.3,10.0,11.0,7.0,73.64,1.0,1.084
916.0,10.2,21.71,10.0,23.0,4.0,76.16,1.0,1.084
181.0,16.2,25.02,12.0,43.0,43.0,88.92,1.0,1.0
917.0,15.84,23.13,10.0,2400.0,460.0,68.56,1.0,1.0
182.0,16.65,25.49,12.0,93.0,43.0,73.44,1.0,1.0
915.0,11.46,22.18,10.0,4.0,3.0,83.1,1.0,1.084
914.0,49.8,55.22,376.0,2400.0,1100.0,49.0,1.04,1.83
598.0,13.146,30.762,22.0,240.0,180.6,52.6,1.0,1.0
597.0,27.684,58.15,41.0,2400.0,990.0,55.06,1.042,2.44
583.0,36.92,70.964,19.0,23.0,8.8,54.04,1.0,1.0
584.0,27.684,58.15,41.0,2400.0,990.0,55.06,1.042,2.44
1632.0,12.534,23.086,19.0,9.0,4.0,77.54,1.0,1.0
1633.0,10.336,19.408,18.0,150.0,80.2,67.3,1.0,1.0
599.0,7.8,40.914,21.0,2400.0,1926.0,74.3,1.0,1.0
600.0,29.53,45.954,28.0,15.0,7.0,73.32,1.0,1.0
920.0,29.46,49.95,18.0,93.0,93.0,60.28,1.0,1.0
77.0,12.75,19.36,24.0,240.0,93.0,61.16,1.0,1.0
348.0,23.58,37.58,32.0,1100.0,1100.0,55.08,1.0,1.0
1222.0,51.0,62.46,46.8,460.0,23.0,94.7,1.0,1.0
1714.0,60.48,75.64,16.0,75.0,75.0,70.38,1.0,1.0
919.0,10.05,18.18,12.0,43.0,15.0,87.94,1.0,1.0
1580.0,19.08,25.7,122.0,4684.8,1100.0,90.5,1.0,1.0
739.0,11.4,20.33,12.0,23.0,4.0,81.5,1.0,1.084
740.0,13.83,26.62,12.0,93.0,43.0,73.44,1.0,1.0
741.0,9.84,19.36,12.0,150.0,20.0,79.58,1.0,1.0
638.0,15.06,24.54,10.0,75.0,75.0,71.36,1.0,1.0
639.0,20.04,29.26,10.0,93.0,21.0,65.82,1.0,1.0
640.0,12.39,18.41,10.0,15.0,9.0,76.16,1.0,1.084
641.0,9.72,17.94,10.0,23.0,23.0,81.5,1.0,1.084
1038.0,2.0,10.0,10.0,90.0,24.2,66.2,1.0,1.04
1039.0,2.0,10.0,11.6,390.0,144.0,89.52,1.0,1.0
1037.0,2.0,10.0,17.2,210.0,163.8,79.34,1.0,1.0
786.0,2.0,10.0,31.24,240.0,64.6,69.92,1.0,1.0
418.0,2.19,10.0,24.88,15.75,6.6,95.46,1.55,1.164
742.0,7.8,76.42,180.4,640.0,138.0,87.2,1.0,1.0
621.0,2.058,34.292,13.2,230.0,68.0,55.32,1.0,1.0
228.0,2.266,42.822,13.4,430.0,196.6,53.64,1.0,1.0
671.0,7.714,55.544,113.8,930.0,454.0,55.46,1.0,1.0
1700.0,2.058,34.292,13.2,230.0,68.0,55.32,1.0,1.0
1704.0,6.428,18.022,55.74,6550.0,453.4,102.08,1.0,1.0
402.0,13.708,26.59,11.6,90.0,28.8,64.94,1.0,1.04
84.0,4.144,10.0,13.2,430.0,287.0,51.94,1.0,1.0
1009.0,4.144,10.0,13.2,430.0,287.0,51.94,1.0,1.0
750.0,2.72,10.0,167.24,2114.8,450.4,92.46,1.0,1.0
621.0,4.04,17.522,22.18,160.0,71.8,78.64,1.0,1.0
228.0,4.8,15.368,13.02,80.0,22.4,81.2,1.0,1.04
,3.17,16.1,180.4,669.0,158.6,84.3,1.0,1.0
1689.0,4.95,361.76,3157.42,172409.6,162964.2,57.94,1.0,1.432
1704.0,10.988,18.26,26.0,4.0,3.0,85.48,1.248,1.08
177.0,350.0,859.37,395.5,24000.0,24000.0,16.68,1.0,11.76
257.0,20.262,30.058,28.0,3.0,4.0,82.64,1.0,1.0
670.0,10.0,68.29,54.0,230.0,90.0,62.06,1.0,1.0
208.0,6.32,14.21,13.9,1376.0,183.0,65.16,1.0,1.0
578.0,2.4,71.63,36.0,280.0,210.0,68.42,1.0,1.0
265.0,10.326,22.678,23.0,150.0,79.6,72.88,1.0,1.0
1626.0,2.0,33.29,26.0,750.0,430.0,84.32,1.0,1.0
1627.0,20.148,30.488,24.0,3.0,3.2,83.7,1.0,1.0
138.0,13.2,63.794,19.0,24000.0,20120.0,47.36,1.0,1.0
766.0,4.718,19.242,10.0,3.0,3.0,90.64,1.248,1.206
333.0,640.0,1181.6,210.8,24000.0,24000.0,14.6,1.79,24.39
768.0,20.262,30.058,31.0,3.0,4.0,82.64,1.0,1.0
140.0,2.0,30.626,10.0,230.0,78.0,64.74,1.0,1.0
309.0,31.672,39.404,48.0,3.0,7.8,67.78,1.0,1.0
1684.0,2.0,31.792,13.0,230.0,80.0,61.6,1.0,1.0
586.0,8.2,55.208,48.0,24000.0,15300.0,44.34,1.0,1.0
261.0,2.0,25.35,14.0,930.0,255.2,70.98,1.0,1.0
770.0,24.918,34.626,35.0,3.0,3.8,87.48,1.0,1.0
588.0,14.67,75.79,160.0,24000.0,24000.0,41.42,1.0,2.618
167.0,20.262,30.058,28.0,3.0,4.0,82.64,1.0,1.0
596.0,4.718,19.242,12.0,3.0,3.0,90.64,1.248,1.206
577.0,2.458,24.318,25.8,727.0,205.2,74.1,1.0,1.0
141.0,7.802,37.254,21.0,230.0,120.0,45.6,1.0,1.0
1213.0,2.0,10.0,65.2,5475.0,691.0,61.1,1.0,1.0
1661.0,2.0,19.54,10.0,90.0,3.0,56.82,1.0,1.0
879.0,2.0,10.0,11.6,959.0,3.0,72.3,1.0,1.0
532.0,17.0,27.88,12.0,3.0,3.0,68.1,1.0,1.084
214.0,2.0,10.0,10.0,110.0,3.0,68.24,1.0,1.04
611.0,4.67,59.96,32.4,24000.0,24000.0,51.02,1.0,1.0
764.0,4.906,19.242,13.6,3.0,3.0,87.58,1.248,1.08
1588.0,2.29,10.0,10.0,15.0,5.2,97.26,1.248,1.164
762.0,26.3497,85.4603,239.2342,638893.7171,79314.6654,67.3441,1.0542,1.8991
763.0,26.3497,85.4603,239.2342,638893.7171,79314.6654,67.3441,1.0542,1.8991
1576.0,5.2,10.0,51.0,3253.8,832.2,83.0,1.0,1.0
574.0,8.51,16.858,50.0,150.0,100.2,60.46,1.0,1.0
595.0,20.542,40.688,282.0,23.0,30.6,65.72,1.0,1.0
1236.0,17.238,43.442,2100.0,200.0,319.2,78.54,1.0,1.0
591.0,31.672,39.404,49.0,3.0,7.8,67.78,1.0,1.0
593.0,37.032,45.202,41.0,23.0,11.8,69.5,1.0,1.0
592.0,47.744,68.986,27.0,23.0,6.4,66.2,1.0,1.0
543.0,2.43,58.33,10.0,2400.0,2400.0,74.6,1.0,1.0
576.0,2.85,34.0,21.0,200.0,2400.0,55.08,1.0,1.0
575.0,24.39,33.882,34.0,460.0,327.0,44.1,1.0,1.0
1389.0,39.592,59.818,75.0,2400.0,1718.0,32.12,1.0,1.0
1388.0,19.582,46.504,36.0,2400.0,932.0,62.82,1.0,1.0
192.0,31.11,48.164,58.0,2400.0,1060.0,57.84,1.0,1.0
1666.0,37.624,57.294,64.0,2400.0,1286.0,39.96,1.0,1.0
706.0,31.11,48.164,57.0,2400.0,1060.0,57.84,1.0,1.0
372.0,15.906,38.456,214.0,19.0,24.0,68.12,1.302,1.0
761.0,20.542,40.688,323.0,18.5,30.6,65.72,1.0,1.0
672.0,20.562,39.862,110.0,23.0,15.0,49.52,1.302,1.0
364.0,20.542,40.688,290.0,43.0,30.6,65.72,1.0,1.0
374.0,15.906,38.456,188.0,3.0,24.0,68.12,1.302,1.0
1183.0,12.826,23.498,58.0,93.0,54.8,42.38,1.0,1.0
560.0,20.562,39.862,138.0,23.0,15.0,49.52,1.302,1.0
369.0,15.906,38.456,212.0,23.0,24.0,68.12,1.302,1.0
135.0,15.906,38.456,214.0,4.0,24.0,68.12,1.302,1.0
375.0,15.906,38.456,200.0,3.0,24.0,68.12,1.302,1.0
1504.0,15.906,38.456,204.0,23.0,24.0,68.12,1.302,1.0
922.0,2.0,16.41,10.0,2400.0,2400.0,86.8,1.0,1.0
1664.0,17.228,30.078,896.0,3.0,67.4,89.44,1.0,1.0
429.0,38.736,53.346,37.0,20.0,10.2,70.14,1.0,1.0
759.0,24.346,48.2,606.0,3.0,68.8,64.72,1.0,1.0
368.0,23.77,44.626,466.0,23.0,47.4,65.72,1.0,1.0
881.0,4.25,84.83,23.0,93.0,28.0,69.82,1.0,1.0
952.0,2.0,80.79,10.0,15.0,15.0,52.7,1.0,1.0
953.0,2.0,65.07,35.0,2400.0,2400.0,72.6,1.0,1.0
1614.0,2.0,82.07,31.0,2400.0,2400.0,58.86,1.0,1.0
951.0,2.0,69.85,31.0,93.0,43.0,69.82,1.0,1.0
954.0,3.08,50.65,15.0,2400.0,2400.0,75.0,1.0,1.0
955.0,2.0,28.1,10.0,2400.0,1100.0,63.04,1.0,1.0
956.0,4.16,71.93,27.0,2400.0,2400.0,73.4,1.0,1.0
366.0,15.906,38.456,244.0,4.0,24.0,68.12,1.302,1.0
587.0,2.0,13.67,82.0,2400.0,1100.0,78.74,1.0,1.0
601.0,2.0,10.0,30.0,2400.0,2400.0,83.42,1.0,1.0
171.0,2.745,20.15,15.5,1235.0,2400.0,76.8,1.0,1.0
544.0,3.92,34.0,34.0,70.0,27.2,80.86,1.0,1.0
545.0,3.69,45.57,18.0,2400.0,2400.0,84.8,1.0,1.0
303.0,27.404,36.38,54.0,23.0,13.2,71.0,1.302,1.0
1390.0,38.04,65.46,13.0,2400.0,1534.2,60.26,1.0,1.0
239.0,17.79,33.692,124.0,1100.0,537.8,76.68,1.0,1.0
509.0,26.772,46.284,112.0,240.0,125.0,66.84,1.152,1.0
510.0,15.906,38.456,212.0,23.0,24.0,68.12,1.302,1.0
83.0,21.45,43.766,166.0,43.0,16.0,57.58,1.302,1.0
1246.0,20.562,39.862,140.0,21.0,15.0,49.52,1.302,1.0
1201.0,37.418,61.242,220.0,93.0,34.4,61.5,1.0,1.0
370.0,23.77,44.626,324.0,150.0,47.4,65.72,1.0,1.0
164.0,38.626,50.582,120.0,150.0,50.8,67.88,1.0,1.0
365.0,23.77,44.626,368.0,43.0,47.4,65.72,1.0,1.0
564.0,20.262,30.058,31.0,3.0,4.0,82.64,1.0,1.0
376.0,23.592,33.564,206.0,460.0,287.6,47.28,1.0,1.0
367.0,25.184,35.208,74.0,3.0,10.4,58.5,1.302,1.0
139.0,15.906,38.456,204.0,4.0,24.0,68.12,1.302,1.0
373.0,25.184,35.208,108.0,3.0,10.4,58.5,1.302,1.0
589.0,20.262,30.058,29.0,3.0,4.0,82.64,1.0,1.0
163.0,15.906,38.456,182.0,3.0,24.0,68.12,1.302,1.0
371.0,15.906,38.456,206.0,4.0,24.0,68.12,1.302,1.0
594.0,10.452,19.614,22.0,3.0,3.2,85.64,1.0,1.0
590.0,18.27,28.248,32.0,3.0,3.8,81.14,1.0,1.0
191.0,31.11,48.164,58.0,2400.0,1060.0,57.84,1.0,1.0
525.0,26.3497,85.4603,239.2342,638893.7171,79314.6654,67.3441,1.0542,1.8991
526.0,26.3497,85.4603,239.2342,638893.7171,79314.6654,67.3441,1.0542,1.8991
527.0,26.3497,85.4603,239.2342,638893.7171,79314.6654,67.3441,1.0542,1.8991
529.0,26.3497,85.4603,239.2342,638893.7171,79314.6654,67.3441,1.0542,1.8991
528.0,26.3497,85.4603,239.2342,638893.7171,79314.6654,67.3441,1.0542,1.8991
524.0,26.3497,85.4603,239.2342,638893.7171,79314.6654,67.3441,1.0542,1.8991
87.0,15.4,70.712,119.3,9854.6,9684.6,29.6,1.0,1.0
857.0,4.8,10.0,15.2,233.0,3.0,66.16,1.0,1.0
1305.0,20.74,44.82,92.8,47371.8,20374.6,32.1,1.0,1.0
1304.0,3.08,12.376,46.14,12307.2,5210.0,88.7,1.0,1.0
1443.0,20.74,44.82,92.8,47371.8,20374.6,32.1,1.0,1.0
1303.0,64.6,171.894,116.8114,12515.0,8213.2,35.3,1.9138,1.0
44.0,29.324,48.374,48.6,17191.6,15670.2,42.4,1.0,1.0
924.0,2.0,13.5,10.0,1539.0,228.0,76.36,1.0,1.0
930.0,17.65,156.14,753.85,122434.5,121344.0,75.84,1.308,1.0
929.0,6.85,21.905,110.45,13221.5,12287.5,49.62,1.0,1.0
928.0,8.53,14.71,25.5,13404.5,12252.5,49.62,1.0,1.0
90.0,70.072,189.102,207.1914,68066.2,37128.4,36.8,1.9138,1.0
1431.0,8.2,24.262,80.54,10806.2,2382.4,96.0,1.0,1.0
1430.0,18.766,72.736,368.0,21400.0,8550.0,51.1,1.0,1.0
886.0,17.4,25.79,28.0,3448.0,1842.0,84.22,1.0,1.0
885.0,11.4,27.46,23.8,24196.0,19863.0,87.3,1.0,1.0
888.0,3.7,24.96,17.5,384.0,97.0,86.72,1.0,1.0
539.0,12.2,14.21,64.0,14830.0,100.0,93.22,1.0,1.0
341.0,2.0,28.98,21.4,259.0,41.0,58.98,1.0,1.0
445.0,2.0,43.13,24.7,1523.0,10.0,98.62,1.0,1.0
452.0,2.0,29.81,21.7,1793.0,31.0,107.04,1.0,1.0
342.0,2.0,17.39,21.7,3654.0,75.0,103.86,1.0,1.0
451.0,2.0,23.18,15.7,2143.0,3.0,99.58,1.0,1.0
450.0,2.0,24.01,22.9,5172.0,3.0,90.14,1.0,1.0
449.0,2.0,18.22,41.7,1022.0,3.0,67.46,1.0,1.0
343.0,2.0,29.81,22.5,8164.0,1956.0,79.22,1.0,1.0
453.0,2.0,22.36,20.1,2014.0,63.0,95.36,1.0,1.0
467.0,2.0,21.53,28.0,2755.0,3.0,98.94,1.0,1.0
10.0,2.0,31.0,40.5,1723.0,3.0,103.28,1.0,1.0
460.0,2.0,28.98,15.2,256.0,10.0,66.78,1.0,1.0
459.0,2.0,10.76,40.4,135.0,3.0,87.7,1.0,1.0
461.0,2.0,26.5,15.1,2046.0,3.0,95.36,1.0,1.0
462.0,2.0,21.53,14.6,1274.0,3.0,73.1,1.0,1.0
466.0,2.0,10.0,38.6,24196.0,3.0,84.76,1.218,1.0
463.0,2.0,22.36,39.1,2046.0,3.0,95.36,1.0,1.0
337.0,4.02,11.65,46.7,24196.0,3.0,84.76,1.218,1.0
1558.0,28.078,80.367,292.69,1509794.0,11553.0,50.3,1.0,1.0
442.0,2.0,20.8,31.3,24196.0,10.0,84.76,1.218,1.0
443.0,12.0,14.98,67.4,21420.0,3270.0,83.28,1.0,1.0
1354.0,9.8,19.97,35.5,64880.0,27550.0,51.2,1.0,2.082
1361.0,7.354,13.566,44.84,6456.8,687.2,82.9,1.0,1.0
1584.0,2.0,18.494,205.34,6007.2,544.4,104.2,1.0,1.0
336.0,4.9,10.0,49.6,198630.0,100.0,69.12,1.0,1.0
444.0,5.0,10.0,30.9,86640.0,100.0,89.32,1.0,1.0
465.0,2.0,24.13,25.9,24196.0,3.0,84.76,1.218,1.0
454.0,2.0,31.08,26.9,1239.0,3.0,73.1,1.0,1.0
455.0,2.0,56.38,21.2,855.0,3.0,77.5,1.0,1.0
338.0,2.0,24.84,14.2,1956.0,86.0,82.02,1.0,1.0
456.0,2.0,14.9,32.1,2014.0,3.0,95.36,1.0,1.0
464.0,2.0,15.81,21.1,24196.0,3.0,84.76,1.218,1.0
457.0,2.0,44.51,17.7,295.0,52.0,74.5,1.0,1.0
458.0,2.0,31.85,22.9,1046.0,3.0,67.46,1.0,1.0
339.0,2.0,24.01,16.8,420.0,3.0,66.0,1.0,1.0
448.0,2.0,21.53,24.8,2247.0,3.0,74.52,1.0,1.0
340.0,2.0,26.5,20.9,847.0,3.0,77.5,1.0,1.0
447.0,2.0,33.74,16.2,12997.0,3.0,85.81,1.0,1.0
446.0,2.0,15.73,29.7,4884.0,3.0,84.82,1.0,1.0
895.0,2.0,11.08,40.9,146.0,3.0,87.58,1.0,1.0
268.0,22.18,30.848,57.2,496.0,235.6,38.6,1.0,1.0
351.0,6.54,10.0,36.5,24196.0,230.0,87.84,1.0,1.0
573.0,18.1,38.95,22.3,1500.0,557.0,81.3,1.0,1.0
572.0,4.38,46.31,15.0,1720.0,63.0,108.24,1.0,1.0
570.0,19.6,49.03,24.5,11199.0,4884.0,67.64,1.0,1.0
571.0,21.4,48.69,25.7,657.0,52.0,88.72,1.0,1.0
892.0,4.05,10.0,10.0,10.75,3.0,104.22,1.248,1.29
894.0,6.55,10.0,15.75,287.25,3.0,79.56,1.0,1.0
893.0,6.71,10.0,10.0,1094.25,3.0,70.49,1.0,1.0
263.0,2.0,12.536,10.0,4884.0,569.4,103.74,1.0,1.0
297.0,16.9,88.62,1307.32,198630.0,27550.0,85.3,1.0,1.0
832.0,4.7,10.0,51.5,3076.0,10.0,110.24,1.0,1.0
839.0,2.0,28.98,15.6,161.0,3.0,87.58,1.0,1.0
835.0,2.0,10.0,34.1,75.0,3.0,65.02,1.0,1.0
838.0,2.0,19.87,20.8,249.0,3.0,66.78,1.0,1.0
836.0,2.0,16.56,20.8,733.0,3.0,75.84,1.0,1.0
837.0,3.24,15.73,20.3,256.0,3.0,66.78,1.0,1.0
350.0,12.129,24.265,12.6,10.0,4.4,83.98,1.0,1.21
347.0,33.902,62.918,18.3,20.0,7.2,53.56,1.0,1.0
345.0,9.868,19.614,19.2,3.0,3.2,87.0,1.0,1.0
346.0,10.452,19.614,19.0,3.0,3.2,85.64,1.0,1.0
1363.0,2.0,16.202,50.7,1872.0,68.0,92.2,1.0,1.0
262.0,2.458,24.318,24.2,744.0,205.2,74.1,1.0,1.0
1365.0,4.2,66.46,370.58,51720.0,5610.0,86.6,1.0,1.0
274.0,20.148,30.488,23.3,3.0,3.2,83.7,1.0,1.0
1542.0,20.148,30.488,24.1,3.0,3.2,83.7,1.0,1.0
795.0,6.4,10.0,855.3,51720.0,3270.0,87.94,1.0,1.0
792.0,2.0,10.0,41.8,2064.0,75.0,105.12,1.0,1.0
794.0,2.0,10.0,22.7,218.0,3.0,66.16,1.0,1.0
793.0,2.0,10.0,10.0,1354.0,3.0,88.88,1.0,1.0
349.0,4.04,10.0,66.5,24196.0,24196.0,84.3,1.0,1.0
173.0,2.0,36.56,55.9,216.0,20.0,64.5,1.0,1.0
283.0,16.5,142.0,49.0,3.0,7.8,105.9,1.0,1.0
86.0,3.249,11.271,11.2,3.0,3.0,94.2,1.248,1.164
685.0,20.134,99.878,534.7,132962.2,110556.4,95.4,1.0,1.192
757.0,6.01,34.904,443.16,23942.2,7235.8,95.3,1.0,1.0
758.0,2.4,16.0,176.24,5053.8,4868.0,97.1,1.248,1.08
756.0,3.38,17.412,28.46,2076.8,386.4,92.2,1.0,1.0
530.0,6.36,16.434,70.92,4935.8,206.0,138.7,1.0,1.0
282.0,136.35,1410.0,605.65,5.0,58.8,88.7,1.0,3.18
1670.0,4.718,19.242,11.1,3.0,3.0,90.64,1.248,1.206
358.0,3.249,11.271,13.3,3.0,3.0,90.0,1.248,1.164
755.0,5.106,19.242,14.3,3.0,3.0,84.8,1.248,1.08
193.0,2.0,23.0,50.0,1100.0,204.0,98.2,1.0,1.0
194.0,2.9,38.0,20.0,1100.0,382.0,71.5,1.0,1.0
817.0,2.0,18.0,10.0,460.0,231.0,94.6,1.0,1.0
1628.0,2.0,11.7,10.0,2909.0,10.0,115.6,1.0,1.0
1233.0,11.97,44.0,23.0,150.0,84.8,100.8,1.0,1.0
248.0,25.9,94.0,28.0,460.0,246.0,130.5,1.0,1.0
1299.0,17.9,44.0,25.0,460.0,252.6,80.4,1.0,1.0
1384.0,9.12,98.0,297.0,2765.0,505.8,97.25,1.0,1.0
280.0,14.76,94.0,70.5,55230.0,17473.2,88.85,1.0,1.0
617.0,9.8,91.0,22.1,750.0,235.0,91.7,1.0,1.0
281.0,16.1,122.5,20.5,11050.0,4100.0,70.6,1.0,1.0
1591.0,9.965,62.0,20.0,241.5,132.0,95.0,1.0,1.0
284.0,11.58,88.0,25.5,251.5,141.8,97.05,1.0,1.0
1018.0,17.1,140.5,18.5,233500.0,212748.0,63.7,1.0,1.308
188.0,2.0,24.0,34.0,43.0,31.2,91.3,1.0,1.0
1249.0,2.0,15.068,11.7,670.0,178.0,78.7,1.0,1.0
1248.0,2.01,11.802,26.8,1054.0,88.2,77.26,1.0,1.0
323.0,14.492,22.75,16.9,52.0,27.4,88.28,1.0,1.0
119.0,13.088,25.18,14.4,249.0,177.6,56.34,1.0,1.0
523.0,2.0,41.77,33.7,14136.0,3.0,92.28,1.0,1.0
926.0,2.0,10.0,86.4,2755.0,3.0,102.92,1.0,1.0
927.0,2.0,10.0,40.6,563.0,31.0,82.26,1.0,1.0
790.0,2.76,10.0,10.0,279.0,10.0,72.7,1.0,1.0
789.0,3.84,12.6,35.0,410.0,3.0,66.0,1.0,1.0
788.0,6.4,35.95,113.8,4884.0,748.0,71.3,1.0,1.0
791.0,17.5,21.84,13.8,471.0,10.0,71.86,1.0,1.0
847.0,5.2,49.54,192.0,3873.0,41.0,80.46,1.0,1.0
846.0,2.0,24.36,21.2,8664.0,987.0,97.92,1.0,1.0
897.0,5.44,10.0,27.4,493.0,10.0,71.76,1.0,1.0
1637.0,13.088,25.18,16.9,249.0,177.6,56.34,1.0,1.0
359.0,27.404,36.38,57.0,41.0,13.2,71.0,1.302,1.0
618.0,4.606,14.568,10.0,63.0,28.4,112.08,1.0,1.0
872.0,2.0,10.0,16.9,1467.0,31.0,98.62,1.0,1.0
873.0,2.0,10.0,15.7,3448.0,3.0,91.34,1.0,1.0
912.0,6.54,10.92,46.0,313.0,3.0,79.56,1.0,1.0
910.0,4.34,10.0,40.9,249.0,3.0,66.78,1.0,1.0
909.0,4.94,10.0,18.7,98.0,3.0,68.24,1.0,1.04
911.0,11.5,13.44,56.1,479.0,10.0,71.86,1.0,1.0
898.0,4.92,10.92,10.0,1464.0,3.0,98.62,1.0,1.0
899.0,4.54,10.08,18.6,620.0,3.0,82.26,1.0,1.0
900.0,5.2,10.0,10.0,246.0,3.0,66.78,1.0,1.0
608.0,2.266,41.164,25.6,439.0,209.0,59.72,1.0,1.0
821.0,14.1,16.64,38.5,20.0,20.0,68.86,1.0,1.0
820.0,14.6,37.85,48.3,4884.0,3.0,84.82,1.0,1.0
822.0,19.5,24.13,26.6,7270.0,10.0,96.48,1.0,1.0
819.0,16.2,22.46,25.0,5475.0,3.0,78.96,1.0,1.0
129.0,29.914,45.954,35.7,10.0,6.2,77.8,1.0,1.0
1438.0,5.5,21.226,41.6,2143.0,684.8,102.16,1.0,1.0
267.0,2.944,24.93,30.8,295.0,147.8,89.5,1.0,1.0
867.0,2.0,10.0,11.5,63.0,3.0,85.16,1.0,1.0
868.0,2.0,10.0,25.3,41.0,3.0,86.72,1.0,1.0
869.0,2.0,10.0,26.7,203.0,3.0,72.18,1.0,1.0
870.0,2.0,10.0,26.0,203.0,3.0,72.18,1.0,1.0
871.0,2.0,22.46,268.2,689.0,20.0,87.42,1.0,1.0
805.0,2.0,10.0,10.0,1050.0,3.0,67.46,1.0,1.0
804.0,2.0,10.0,12.2,960.0,3.0,72.3,1.0,1.0
803.0,2.0,10.0,10.0,12033.0,3.0,67.59,1.0,1.0
259.0,27.16,74.528,36.1,24196.0,24196.0,48.18,1.088,1.596
1636.0,7.532,30.734,78.4,24196.0,15400.8,55.2,1.0,1.0
581.0,3.04,16.816,81.3,6131.0,1257.8,92.8,1.0,1.0
580.0,4.096,10.688,45.7,9208.0,883.4,90.78,1.0,1.0
579.0,2.0,29.218,46.7,374.0,140.6,76.52,1.0,1.0
168.0,2.0,10.184,37.9,3654.0,327.4,99.92,1.0,1.0
582.0,7.88,31.67,40.9,24196.0,24196.0,65.38,1.0,1.49
673.0,26.494,56.872,26.8,24196.0,15246.8,47.98,1.096,1.106
518.0,2.0,15.894,14.9,1860.0,46.8,107.04,1.0,1.0
515.0,2.0,15.894,13.6,1789.0,46.8,107.04,1.0,1.0
850.0,2.0,10.0,10.0,2613.0,31.0,92.22,1.0,1.05
851.0,4.1,10.0,83.3,689.0,10.0,81.42,1.0,1.0
849.0,2.0,10.0,101.8,1354.0,3.0,88.88,1.0,1.0
848.0,2.0,11.65,42.1,41.0,3.0,80.7,1.0,1.0
534.0,18.334,36.6,74.28,56513.0,20493.6,40.9,1.0,1.0
807.0,10.0,20.9,18.3,15531.0,3.0,107.48,1.0,1.0
1053.0,2.0,17.56,10.0,24196.0,55670.6,89.9,1.0,1.0
753.0,26.3497,85.4603,239.2342,638893.7171,79314.6654,67.3441,1.0542,1.8991
162.0,4.718,19.242,10.0,3.0,3.0,90.64,1.248,1.206
604.0,4.718,19.242,11.0,3.0,3.0,90.64,1.248,1.206
606.0,4.718,19.242,10.0,3.0,3.0,90.64,1.248,1.206
607.0,5.106,19.242,14.0,3.0,3.0,91.86,1.0,1.126
541.0,4.718,19.242,10.0,3.0,3.0,90.64,1.248,1.206
542.0,4.718,19.242,10.0,3.0,3.0,90.64,1.248,1.206
533.0,4.718,19.242,11.0,3.0,3.0,90.64,1.248,1.206
540.0,9.868,19.614,20.0,3.0,3.2,87.0,1.0,1.0
161.0,16.186,29.718,21.0,90.0,30.2,52.8,1.0,1.0
605.0,3.356,10.0,16.0,3.0,3.0,100.3,1.248,1.08
254.0,10.326,22.678,26.0,150.0,79.6,72.88,1.0,1.0
387.0,2.0,38.21,16.8,410.0,154.0,89.14,1.0,1.0
1091.0,4.8,15.368,10.0,75.0,22.4,81.2,1.0,1.04
693.0,2.0,29.66,10.0,2400.0,2400.0,76.2,1.0,1.0
232.0,3.1,35.92,16.0,2400.0,2400.0,75.4,1.0,1.0
694.0,3.4,30.67,23.0,2400.0,2400.0,79.2,1.0,1.0
923.0,3.03,22.22,31.0,2400.0,2400.0,82.82,1.0,1.0
357.0,4.52,62.72,16.0,2400.0,2400.0,74.6,1.0,1.0
256.0,40.536,54.52,209.0,210.0,37.8,88.0,1.0,1.0
1643.0,2.61,40.34,27.0,2400.0,2400.0,84.6,1.0,1.0
1646.0,2.0,35.85,10.0,2400.0,2400.0,77.4,1.0,1.0
858.0,6.33,19.41,44.0,2400.0,2400.0,75.08,1.0,1.0
859.0,6.48,37.47,17.0,2400.0,2400.0,65.8,1.0,1.0
860.0,5.73,10.0,17.0,2400.0,2400.0,80.6,1.0,1.0
882.0,26.3497,85.4603,239.2342,638893.7171,79314.6654,67.3441,1.0542,1.8991
883.0,26.3497,85.4603,239.2342,638893.7171,79314.6654,67.3441,1.0542,1.8991
884.0,26.3497,85.4603,239.2342,638893.7171,79314.6654,67.3441,1.0542,1.8991
754.0,5.106,19.242,13.0,3.0,3.0,91.86,1.0,1.126
809.0,2.53,35.66,16.0,1200.0,430.0,48.14,1.0,1.0
887.0,21.878,62.997,85.83,1507440.4,6752.1,50.1,1.0,1.0
1126.0,12.919,28.922,127.26,17501.2,1355745.8,82.2,1.0,1.0
782.0,3.187,11.239,12.05,15342.0,13118.3,88.24,1.0,1.0
783.0,3.187,11.239,10.0,15342.0,13118.3,88.24,1.0,1.0
777.0,2.0,21.21,11.7,1184.5,10219.4,60.64,1.0,1.0
778.0,2.0,15.894,11.2,1842.5,46.8,107.04,1.0,1.0
779.0,6.501,27.167,21.8,12273.0,5932.7,64.55,1.0,1.0
773.0,3.24,16.77,10.85,2761.0,200.4,85.92,1.0,1.0
771.0,9.1,38.61,72.85,12796.0,3795.9,64.87,1.0,1.0
772.0,12.74,29.534,10.0,13338.5,3322.8,82.34,1.0,1.0
776.0,7.017,25.979,32.85,12199.0,6372.6,56.56,1.0,1.0
775.0,7.653,20.739,10.0,24196.0,1396466.4,78.56,1.0,1.0
585.0,2.0,76.21,52.1,9208.0,650.0,93.08,1.0,1.0
388.0,2.0,13.44,10.0,305.0,20.0,81.36,1.0,1.0
1715.0,2.0,72.03,21.9,30.0,3.0,52.88,1.0,1.0
508.0,2.0,10.0,10.0,3.0,3.0,105.3,1.248,1.206
1652.0,2.0,10.0,10.0,2282.0,20.0,66.6,1.0,1.0
1653.0,2.0,10.0,10.0,1624.0,86.0,99.88,1.0,1.0
1654.0,2.0,10.0,10.0,6488.0,30.0,108.28,1.0,1.0
